id,en,es,pt,de,fr,it,ar,hi,pt_BR,zh_CN,ru
abort,abort,Cancelar,cancelar,abbrechen,abandonner,interrompi,أوقف,का गर्भपात,cancelar,中止,выкинуть
absolute,absolute,absoluto,absoluto,absolut,absolu,assoluto,كامل,पूर्ण,absoluto,原形,абсолютный
abstract,abstract,Resumen,abstrato,abstrakt,abstrait,astratto,مجرد,सार,abstrato,摘要,Аннотация
accelerator,accelerator,acelerador,acelerador,Beschleuniger,accélérateur,acceleratore,مُسرِّع,त्वरक,acelerador,快捷键,ускоритель
accent,accent,acento,acento,Akzent,accent,accento,لهجة,उच्चारण,acento,重音符号,акцент
accept,accept,aceptar,aceitar,akzeptieren,accepter,accettare,اقبل,स्वीकार करना,aceitar,接受,принимать
access,access,acceso,acesso,Zugriff,verb: accéder / noun: accès,accesso,وصول,पहुँच,acesso,访问,доступ
accessibility,accessibility,accesibilidad,acessibilidade,Barrierefreiheit,accessibilité,accessibilità,امكانية الوصول,पहुँच,acessibilidade,,доступность
accessory,accessory,accesorio,acessório,Zubehör,accessoire,accessorio,ملحقات,गौण,acessório,,аксессуар
account,account,cuenta,conta,Konto,compte,conto,حساب,खाता,conta,,учетная запись
accuracy,accuracy,precisión,precisão,Genauigkeit,précision,accuratezza,دقة,शुद्धता,precisão,,точность
acquire,acquire,adquirir,adquirir,erwerben,acquérir,acquisire,احصل على,अधिग्रहण,adquirir,,приобретать
acronym,acronym,acrónimo,acrônimo,Abkürzung,acronyme,acronimo,مختصر,परिवर्णी शब्द,acrônimo,,акроним
action,action,acción,ação,Aktion,action,azione,تصرف,कार्रवाई,ação,,действие
activate,activate,activar,ativado(a),aktivieren,activer,attiva,فعِّل,सक्रिय करें,ativado(a),,активировать
active,active,activo,ativo(a),aktiv,actif,attivo,نشط,सक्रिय,ativo(a),,активный
activity,activity,actividad,atividade,Aktivität,activité,attività,نشاط,कार्यकलाप,atividade,,деятельность
adapter,adapter,adaptador,adaptador,Adapter,adaptateur,adattatore,موائم - محول,अनुकूलक,adaptador,,адаптер
add,add,agregar,adicionar,hinzufügen,ajouter,aggiungere,أضف,जोड़ना,adicionar,加,добавлять
address,address,dirección,endereço,Adresse,adresse,indirizzo,عنوان,पता,endereço,地址,адрес
adjust,adjust,ajustar,ajuste,einstellen,ajuster,aggiustare,عدّل,समायोजित,ajuste,调整,регулировать
administration,administration,administración,administração,Verwaltung,administration,amministrazione,إدارة,प्रशासन,administração,管理,администрация
administrator,administrator,administrador,administrador,Administrator,administrateur,amministratore,مسؤول,व्यवस्थापक,administrador,管理员,администратор
advanced,advanced,avanzado,avançado,fortgeschritten,avancé,avanzato,متقدم,उन्नत,avançado,,передовой
agent,agent,agente,agente,Betreuer,agent,agente,عامل - وكيل,एजेंट,agente,,агент
agree,agree,acordar,concordar,zustimmen,être d'accord,essere d'accordo,يتفق,सहमत,concordar,,согласна
agreement,agreement,acuerdo,autorização,Vereinbarung,accord,accordo,اتفاق,समझौता,autorização,,соглашение
alarm,alarm,alarma,alarme,Alarm,alarme,avviso,منبه,अलार्म,alarme,,тревога
alert,alert,alerta,alerta,Warnung,alerte,avviso,تنبيه,चेतावनी,alerta,,бдительный
algorithm,algorithm,algoritmo,algorítmo,Algorithmus,algorithme,algoritmo,لوغاريتم,कलन विधि,algorítmo,,алгоритм
alias,alias,alias,apelido,Alias,alias,pseudonimo,اسم مستعار,उर्फ,apelido,,псевдоним
aliasing,aliasing,alianza,,Alias-Effekt,crénelage,aliasing,تشويش,एलिआसन,,,наложения спектров
align,align,alinear,alinhar,ausrichten,aligner,allineare,نسّق,संरेखित,alinhar,,выравнивать
alignment,alignment,alineación,alinhamento,Ausrichtung,alignement,allineamento,محازاة,संरेखण,alinhamento,,выравнивание
allow,allow,permitir,aceitar,ermöglichen,permettre,consentire,اسمح,की अनुमति,aceitar,,разрешать
alphanumeric,alphanumeric,alfanumérico,alfanumérico,alphanumerisch,alphanumérique,alfanumerico,حرفي رقمي,अक्षरांकीय,alfanumérico,,алфавитно-цифровой
alternative,alternative,alternativa,alternativa,alternativ,alternatif,alternativo,بديل,,alternativa,,альтернатива
amount,amount,cantidad,quantia,Betrag,montant,ammontare,مقدار - كمية,,quantia,,количество
analysis,analysis,análisis,análise,Analyse,analyse,analisi,تحليل,,análise,,анализ
anchor,anchor,anclaje,âncora,Anker,ancre,ancoraggio,مرساة,,âncora,,якорь
angle,angle,ángulo,ângulo,Winkel,angle,angolo,زاوية,,ângulo,,угол
animate,animate,animar,animar,animieren,animer,animare,حرِّك,,animar,,оживлять
animation,animation,animación,animação,Animation,animation,animazione,تحريك - رسوم متحركة,,animação,,анимация
announce,announce,anuncio,anunciar,ankündigen,annoncer,annunciare,اعلن,,anunciar,发布,анонсировать
announcement,announcement,anuncio,anúncio,Ankündigung,annonce,annuncio,إعلان,,anúncio,,объявление
anonymous,anonymous,anónimo,desconhecido,anonym,anonyme,anonimo,مجهول,,desconhecido,,анонимный
antivirus,anti virus,antivirus,anti-vírus,Antivirus,antivirus,antivirus,مضاد للفيروسات,एंटी वायरस,anti-vírus,防病毒,антивирус
antialiasing,anti-aliasing,antialianza,anti-aliasing,Anti-Aliasing,anticrénelage,anti-aliasing,مانع تشويش,विरोधी aliasing,anti-aliasing,,сглаживание
appear,appear,aparecer,aparecer,erscheinen,apparaître,apparire,يظهر,प्रकट,aparecer,,появиться
append,append,añadir,inserir,anfügen,ajouter,apporre,ألحق,जोड़ना,inserir,,присоединять
applet,applet,miniaplicación,miniaplicativo,Minianwendung,applet,applet,بريمج,एपलेट,miniaplicativo,,апплет
application,application,aplicación,aplicação,Anwendung,application,applicazione,تطبيق,आवेदन,aplicação,,приложение
apply,apply,aplicar,aplicar,anwenden,appliquer,applicare,طبِّق,लागू करना,aplicar,,применять
approval,approval,aprobación,aprovação,Zustimmung,approbation,approvazione,موافقة,अनुमोदन,aprovação,,утверждение
approve,approve,aprobar,aprovar,zustimmen,approuver,approvare,وافق,मंजूरी,aprovar,,утвердить
approximate,approximate,aproximado,aproximar,ungefähr,approximatif,approssimativo,تقريبي,,aproximar,,приближенный
arbitrary,arbitrary,arbitrario,arbitrário,beliebig,arbitraire,arbitrario,تعسفي,,arbitrário,,произвольный
archive,archive,archivo,arquivo,Archiv,archive,archivio,أرشيف,,arquivo,,архив
area,area,área,área,Bereich,zone,area,منطقة,,área,,площадь
argument,argument,argumento,argumento,Argument,argument,argomento,معامل - جدال,,argumento,,аргумент
arrangement,arrangement,acuerdo,arranjo,Anordnung,plage,arrangiamento,ترتيب,,arranjo,,расположение
arrow,arrow,flecha,seta,Pfeil,ligne,freccia,سهم,,seta,,стрела
article,article,artículo,artigo,Artikel,article,articolo,مقال - شيء,,artigo,,статья
ascending,ascending,ascendente,ascendente,aufsteigend,ascendant,ascendente,تصاعدي,,ascendente,,по возрастанию
aspect,aspect,aspecto,aspecto,Aspekt,aspect,aspetto,مظهر,पहलू,aspecto,,аспект
assign,assign,asignar,atribuir,zuordnen,affecter,assegnare,عيِّن,आवंटित,atribuir,,назначать
assignment,assignment,asignación,atribuição,Zuordnung,affectation,compito,مهمة,असाइनमेंट,atribuição,,назначение
asynchronous,asynchronous,asíncrona,assíncrono,asynchron,asynchrone,asincrono,غير متزامن,अतुल्यकालिक,assíncrono,,асинхронный
attach,attach,adjuntar,anexar,anhängen,attacher,allega,ارفق,जोड़ना,anexar,,прикреплять
attachment,attachment,adjunto,anexo,Anhang,pièce jointe,allegato,مرفق,आसक्ति,anexo,,прикрепление
attempt,attempt,intento,tentativas,versuchen,tentative,tentativo,محاولة,प्रयास,tentativas,,попытка
attribute,attribute,atributo,atributo,Attribut,attribut,attributo,خاصية,विशेषता,atributo,,атрибут
audio,audio,audio,áudio,Audio,audio,audio,صوت,ऑडियो,áudio,,аудио
authenticate,authenticate,autenticar,autenticar,authentifizieren,authentifier,autenticare,وثِّق - صدِّق,,autenticar,,проверять подлинность
authentication,authentication,autenticación,autenticação,Authentifizierung,authentification,autenticazione,تحقق,,autenticação,,аутентификация
authorization,authorization,autorización,autorização,Autorisierung,autorisation,autorizzazione,صلاحية,,autorização,,авторизация
authorize,authorize,autorizar,autorizar,autorisieren,autoriser,autorizzare,اسمح - اعطي صلاحية,,autorizar,,санкционировать
auto,auto,auto,auto,automatisch,auto,auto,تلقائي,,auto,,авто
automatic,automatic,automático,automático,automatisch,automatique,automatico,تلقائي,,automático,,автоматический
availability,availability,disponibilidad,disponibilidade,Verfügbarkeit,disponibilité,disponibilità,توفر,,disponibilidade,,доступность
available,available,disponible,disponível,verfügbar,disponible,disponibile,متوفر,,disponível,,имеется в наличии
average,average,promedio,média,Durchschnitt,moyenne,media,معدل - متوسط,,média,,средний
axis,axis,eje,eixo,Achse,axe,asse,محور,धुरी,eixo,,ось
backend,back-end,back-end,,Backend,Vers la fin.,lato server,خلفي - ختامي,,,,бэкенд
backbone,backbone,columna vertebral,espinha dorsal,Backbone,,backbone,أساس - دعامة,,espinha dorsal,,позвоночник
background,background,fondo,plano de fundo,Hintergrund,arrière plan,sfondo,خلفية,,plano de fundo,,фон
backup,backup,copia de seguridad,cópia de segurança,Sicherung,sauvegarde,backup,نسخة احتياطية,,cópia de segurança,,резервное копирование
bandwidth,bandwidth,ancho de banda,largura de banda,Bandbreite,bande passante,larghezza di banda,حجم تدفق البيانات,,largura de banda,,пропускная способность
banner,banner,banner,faixa,Banner,bannière,banner,ترويسة,,faixa,,баннер
bar,bar,barra,barra,Leiste,barre,bar,شريط,,barra,,бар
base,base,base,base,Basis,base,base,قاعدة,,base,,база
beep,beep,pitido,alarme sonoro,Signalton,signal d'avertissement,bip,صوت انذار,,alarme sonoro,,гудок
begin,begin,empezar,início,anfangen,commencer,inizio,ابدأ,,início,,начать
behavior,behavior,comportamiento,comportamento,Verhalten,attitude,funzionamento,سلوك,,comportamento,,поведение
binary,binary,binario,binário,binär,binaire,binario,ثنائي,,binário,,двоичный
bind,bind,vincular,vincular,binden,lier,legare,اربط - وثِّق,,vincular,,привязывать
bit,bit,bit,bit,Bit,bit,bit,بت,,bit,,немного
bitmap,bitmap,bitmap,bitmap,Bitmap,bitmap,bitmap,صورة بيت,,bitmap,,битовая карта
blank,blank,en blanco,em branco,unbeschrieben,vide,vuoto,فارغ,,em branco,,пустой
blink,blink,parpadeo,piscar,blinken,clignote,lampeggiante,يرمش,,piscar,,мерцать
blockunit,block (unit),bloque (unidad),bloco (unidade),Block (Einheit),bloc (unité),blocco,كتلة ( وحدة ),,bloco (unidade),,blockunit
blockverb,block (verb),bloquear (verbo),bloquear (verbo),blockieren (Verb),bloc (verbe),bloccare,احجز (فعل),,bloquear (verbo),,blockverb
blog,blog,blog,blog,Blog,,blog,مدونة,,blog,,блог
blur,blur,borroso,desfocar,Unschärfe,flou,sfocatura,مشوش الرؤية,,desfocar,,пятно
board,board,tablero,placa,Brett,tableau,tavolo,لوح اعلانات,,placa,,доска
body,body,cuerpo,corpo,Rumpf,corps,corpo,جسم,,corpo,,тело
bold,bold,negrita,negrito,Fettschrift,gras,grassetto,عريض,,negrito,,смелый
bookmarks,bookmarks,marcadores,,Lesezeichen,signets,segnalibri,إشارات مرجعية,,,,закладки
boot,boot,inicio,inicialização,hochfahren,charger,avvio,إقلاع,,inicialização,,ботинок
border,border,borde,borda,Rand,contour,bordo,حد,,borda,,граница
box,box,caja,caixa,Kasten,boîte,scatola,صندوق,,caixa,,коробка
bracket,bracket,corchete,colchete,Klammer,,parentesi,قوس,,colchete,,скобка
branch,branch,rama,ramificação,Zweig,branche,ramo,فرع,,ramificação,,ветка
break,break,salto,,Unterbrechung,,interruzione,فاصل,,,,перерыв
breakprogram,break (program),salto (programa),,Haltepunkt (Programm),,interrompere (programma),انقطاع (برنامج),,,,breakprogram
breakpoint,break point,punto de salto,,Unterbrechungspunkt,,breakpoint,نقطة انقطاع,,,,точка остановки
bridgenoun,bridge (noun),puente,,Brücke (Nomen),pont,ponte,جسر (اسم),,,,bridgenoun
bridgeverb,bridge (verb),enlazar (verbo),,überbrücken (Verb),faire un pont avec,colmare (verbo),صِل (فعل),,,,bridgeverb
broken,broken,roto,quebrado,defekt,brisé,guasto,مكسور,,quebrado,,сломанный
browse,browse,examinar,navegar,durchsuchen,naviguer,esplora,استعرض,,navegar,,просматривать
browser,browser,explorador,navegador,Browser,navigateur,browser,مستعرض,,navegador,,браузер
buffer,buffer,buffer,buffer,Puffer,tampon,buffer,ذاكرة مؤقتة,,buffer,,буфер
bug,bug,error,erro,Programmfehler,bogue,bug,خلل,,erro,,ошибка
build,build,construir,compilar,erstellen,contruire,compila,بناء,,compilar,,строить
builtin,built-in,construcción,embutido,eingebaut,intégré,integrato,مضمّن,,embutido,,встроенная
bullet,bullet,viñeta,marcador,Aufzählungspunkt,puce,proiettile,نقطة,,marcador,,пуля
bus,bus,bus,barramento,Bus,,bus,ناقل,,barramento,,автобус
button,button,botón,botão,Schaltfläche,bouton,pulsante,زر,,botão,,кнопка
byte,byte,byte,byte,Byte,octet,byte,بايت,,byte,,байт
cable,cable,cable,cabo,Kabel,,cavo,كبل,,cabo,,кабель
cache,cache,caché,cache,Zwischenspeicher,cache,cache,محفوظات,,cache,,кэш
calculate,calculate,calcular,calcular,rechnen,calculer,calcola,احسب,,calcular,,подсчитывать
calculator,calculator,calculadora,calculadora,Taschenrechner,calculatrice,calcolatore,آلة حاسبة,,calculadora,,калькулятор
calendar,calendar,calendario,calendário,Kalender,calendrier,calendario,تقويم,,calendário,,календарь
call,call,llamada,chamar,aufrufen,appel,chiamata,نداء,,chamar,,вызов
camera,camera,cámara,câmera,Kamera,appareil photo,fotocamera,آلة تصوير,,câmera,,камера
cancel,cancel,cancelar,cancelar,abbrechen,annuler,annulla,إلغاء,,cancelar,,отменить
capability,capability,habilidad,funcionalidade,Fähigkeit,capabilité,capacità,قدرة,,funcionalidade,,возможность
capacity,capacity,capacidad,capacidade,Kapazität,capacité,capacità,سعة,,capacidade,,вместимость
caption,caption,leyenda,captura,Bildunterschrift,légende,didascalia,تسمية - عنوان فرعي,,captura,,подпись
capture,capture,captura,captura,erfassen,capture,cattura,التقط,,captura,,захватить
card,card,tarjeta,cartão,Karte,carte,carta,بطاقة,,cartão,,карта
case,case,caso,maiúsculas e minúsculas,Fall,case,caso,حالة - حاوية,,maiúsculas e minúsculas,,дело
casefont,case (font),caso (tipo de letra),maiúsculas e minúsculas (fonte),Schreibung (Schrift),case (police),carattere,حالة (خط),,maiúsculas e minúsculas (fonte),,casefont
catalog,catalog,catálogo,catálogo,Katalog,catalogue,catalogo,سِجل,,catálogo,,каталог
category,category,categoría,categoria,Kategorie,catégorie,categoria,فئة,,categoria,,категория
cell,cell,celda,célula,Zelle,cellule,cella,خلية,,célula,,клетка
certificate,certificate,certificado,certificado,Zertifikat,certificat,certificato,شهادة,,certificado,,сертификат
certify,certify,certificar,certificar,bescheinigen,certifier,certificare,ُيشهِد,,certificar,,удостоверять
change,change,cambiar,mudança,wechseln,changer,cambiare,غيِّر,,mudança,,менять
channel,channel,canal,canal,Kanal,canal,canale,قناة,,canal,,канал
character,character,carácter,caracter,Zeichen,caractère,personaggio,محرف,,caracter,,персонаж
charset,charset,juego de caracteres,,Zeichensatz,ensemble de caractères,set di caratteri,طقم محارف,,,,кодировок
chart,chart,gráficodiagrama,gráfico,Diagramm,,grafico,رسم بياني,,gráfico,,диаграмма
chat,chat,chat,conversar,plaudern,clavarder,conversazione,دردشة,,conversar,,чат
check,check,comprobar,marcar,überprüfen,cocher,controllo,تأكُدْ,,marcar,,проверять
checkbox,check box,casilla de comprobación,caixa de seleção,Kontrollkästchen,boîte à cocher,casella di spunta,صندوق تأشير,,caixa de seleção,,флажок
child,child,secundario,filho,Kind,enfant,bambino,فرعي,,filho,,ребенок
choice,choice,elección,escolha,Wahl,choix,scelta,خيار,,escolha,,выбор
choose,choose,elegir,escolher,auswählen,choisir,scegliere,اختر,,escolher,,выбирать
class,class,clase,classe,Klasse,classe,classe,فئة,,classe,,учебный класс
classic,classic,clásico,clássico,klassisch,classique,classico,تقليدي,,clássico,,классический
classify,classify,clasificar,,klassifizieren,classifier,classificare,صَنِّف,,,,классифицировать
clean,clean,limpiar,limpo,bereinigen,propre,pulito,نظف,,limpo,,чистый
clear,clear,borrar,limpar,löschen,effacer,pulire,امسح,,limpar,,Чисто
clicknoun,click (noun),clic,clique (substantivo),Klick (Nomen),clic,click,نقر (اسم),,clique (substantivo),,clicknoun
clickverb,click (verb),hacer clic,clicar (verbo),anklicken (Verb),cliquer,cliccare,انقر (فعل),,clicar (verbo),,clickverb
client,client,cliente,cliente,Client,client,client,عميل,,cliente,,клиент
clipart,clip art,clip art,clip art,Clipart,,clipart,قصاصة,,clip art,,клипарт
clipboard,clip board,portapapeles,de áudio,Zwischenablage,,appunti,حافظة,,de áudio,,буфер обмена
clock,clock,reloj,relógio,Uhr,,orologio,ساعة,,relógio,,Часы
close,close,cerrar,fechar,schließen,fermer,chiudere,أغلق,,fechar,,близко
codeprogram,code (program),código (programa),código (programa),Code (Programm),code (programme),codice (programma),شفرة (برنامج),,código (programa),,codeprogram
codesymbol,code (symbol),código (símbolo),código (símbolo),Code (Symbol),code (symbole),codice (simbolo),شفرة (رمز),,código (símbolo),,codesymbol
codec,codec,códec,codec,Codec,codec,codec,مرماز - برنامج لفك الشفرات,,codec,,кодер-декодер
collapse,collapse,caer,recolher,verbergen,réduire,collassare,طي,,recolher,,коллапс
collect,collect,recopilar,,sammeln,collecter,raccogliere,التقط,,,,собирать
column,column,columna,coluna,Spalte,colonne,colonna,عمود,,coluna,,колонка
combination,combination,combinación,combinação,Kombination,combinaison,combinazione,تجميع,,combinação,,сочетание
comma,comma,coma,vírgula,Komma,virgule,virgola,فاصلة,,vírgula,,запятая
command,command,comando,comando,Befehl,commande,comando,أمر,,comando,,команда
comment,comment,comentar,comentário,Kommentar,commentaire,commento,تعليق,,comentário,,комментарий
common,common,común,comum,üblich,commun,comune,شائع,,comum,,общий
communication,communication,comunicación,comunicação,Kommunikation,la communication,comunicazione,تواصل,,comunicação,,связь
compact,compact,compacto,compacto,kompakt,compact,compatto,مُدْمج,,compacto,,компактный
compare,compare,comparar,comparar,vergleichen,comparer,confronta,قارن,,comparar,,сравнить
compatibility,compatibility,compatibilidad,compatibilidade,Kompatibilität,compatibilité,compatibilità,توافق,,compatibilidade,,совместимость
compatible,compatible,compatible,compatível,kompatibel,compatible,compatibile,متوافق,,compatível,,совместимый
compilation,compilation,compilación,compilação,Kompilierung,compilation,compilazione,تصريف,,compilação,,сборник
compile,compile,compilar,compilar,kompilieren,compiler,compila,صرِّف,,compilar,,компилировать
compiler,compiler,compilador,compilador,Compiler,compilateur,compilatore,مُصرِّف,,compilador,,компилятор
complete,complete,completado,completo,vollständig,Achevée,completo,تام - كامل,,completo,,полный
component,component,componente,componente,Komponente,composant,componente,مكون,,componente,,составная часть
compose,compose,componer,escrever,zusammenstellen,composer,comporre,ركِّب,,escrever,,составить
composition,composition,composición,composição,Komposition,composition,composizione,تركيب,,composição,,состав
compress,compress,comprimir,comprimir,komprimieren,compresse,comprimi,اضغط,,comprimir,,компресс
compression,compression,compresión,compressão,Kompression,compression,compressione,ضغط,,compressão,,компрессия
computer,computer,ordenador,computador,Computer,ordinateur,computer,حاسوب,,computador,,компьютер
computing,computing,informática,,Elektronische Datenverarbeitung,l'informatique,elaborazione,حوسبة,,,,вычисления
concatenate,concatenate,concatenar,concatenar,verketten,enchaîner,concatenazione,لمّ,,concatenar,,сцеплять
concurrent,concurrent,simultáneo,,parallel,parallèle,concorrente,مترافق,,,,параллельный
condense,condense,condensar,,komprimieren,condenser,condensare,كثِّف,,,,конденсироваться
condition,condition,condición,condição,Bedingung,état,condizione,شرط,,condição,,состояние
configuration,configuration,configuración,configuração,Konfiguration,configuration,configurazione,تشكيل - تعريف,,configuração,,конфигурация
configure,configure,configurar,configurar,konfigurieren,configurer,configurare,اضبط,,configurar,,конфигурировать
confirm,confirm,confirmar,confirmar,bestätigen,confirmer,confermare,أكد,,confirmar,,подтвердить
confirmation,confirmation,confirmación,confirmação,Bestätigung,confirmation,conferma,تأكيد,,confirmação,,подтверждение
conflict,conflict,conflicto,conflito,Konflikt,conflit,conflitto,تضارب,,conflito,,конфликт
connect,connect,conectar,conectar,verbinden,connecter,connetti,قم بالاتصال,,conectar,,соединять
connection,connection,conexión,conexão,Verbindung,connexion,connessione,إتصال,,conexão,,соединение
console,console,consola,console,Konsole,console,console,جهاز,,console,,приставка
contactnoun,contact (noun),contacto,contato (substantivo),Kontakt (Nomen),contact (nom),contatto,جهة اتصال (اسم),,contato (substantivo),,contactnoun
contactverb,contact (verb),contactar,contactar (verbo),kontaktieren (Verb),contacter (verbe),contattare (verbo),قم بالاتصال (فعل),,contactar (verbo),,contactverb
content,content,contenido,conteúdo,Inhalt,contenu,contenuto,محتوى,,conteúdo,,содержание
context,context,contexto,contexto,Kontext,contexte,contesto,سياق,,contexto,,контекст
continue,continue,continuar,continuar,fortsetzen,continuer,continua,تابع,,continuar,,Продолжить
contrast,contrast,contrastar,contraste,Kontrast,contraste,contrasto,تباين,,contraste,,контрастировать
contributor,contributor,colaborador,colaborador,Mitwirkender,donateur,collaboratore,مساهِم - مشارك,,colaborador,,участник
control,control,control,controle,kontrollieren,contrôler,controllo,تحكم,,controle,,контроль
conversion,conversion,conversión,conversão,Umwandlung,conversion,conversione,تحويل,,conversão,,преобразование
convert,convert,convertir,converter,umwandeln,convertir,converti,حول,,converter,,перерабатывать
cookie,cookie,cookie,cookie,Cookie,cookie,cookie,ملفات تعريف الارتباط,,cookie,,печенье
cooperative,cooperative,cooperativo,,kooperativ,coopératif,cooperativo,تعاوني,,,,кооператив
coordinate,coordinate,coordinar,coordenada,koordinieren,coordonner,coordinata,نسق,,coordenada,,координировать
copynoun,copy,copia,cópia,Kopie,copie (nom),copia,نسخة (اسم),,cópia (substantivo),,copynoun
copyverb,copy,copiar,copiar,kopieren,copier (verbe),copiare,انسخ (فعل),,copiar (verbo),,copyverb
copyPaste,copy and paste,copiar y pegar,copiar e colar,Kopieren und Einfügen,copier coller,,,,,,копировать вставить
copyleft,copy left,"derecho de copia, copyleft",,Recht zur Weitergabe,copyleft,copyleft,نسخ إلى اليسار,,,,копилефт
copyright,copy right,"derecho de autor, copyright",,Urheberrecht,droits d'auteur,diritto d'autore,نسخ إلى اليمين,,,,авторское право
correct,correct,corregir,corrigir,korrigieren,correct,corretto,صحح,,corrigir,,правильный
correspondence,correspondence,correspondencia,correspondência,Schriftverkehr,correspondance,carteggio,تواؤم,,correspondência,,переписка
correspondent,correspondent,correspondiente,,Gegenstelle,correspondant,inviato,موائم,,,,корреспондент
corrupt,corrupt,corrupto,,beschädigt,corrompu,corrotto,فاسد,,,,продажный
count,count,contar,contar,zählen,compter,conto,عدد,,contar,,подсчитывать
countable,countable,contable,,abzählbar,dénombrable,numerabile,قابل للعدد,,,,счетное
crash,crash,caída del sistema,pane,Absturz,crash,crash,إنهيار,,pane,,авария
create,create,crear,criar,erstellen,créer,crea,أنشئ,,criar,,Создайте
creation,creation,creación,criação,Erstellung,création,creazione,إنشاء,,criação,,создание
criteria,criteria,criterio,critérios,Kriterium,critères,criteri,معيار,,critérios,,критерии
crop,crop,recortar,cortar,freistellen,surgir,raccolto,يُشذِّب,,cortar,,культура
crossplatform,cross-platform,multiplataforma,,plattformübergreifend,multiplate,multi-piattaforma,متعدد المنصات,,,,кроссплатформенная
crypt,crypt,encriptar,,verschlüsseln,crypte,cripta,شفِّر,,,,крипта
cryptology,cryptology,criptología,,Kryptologie,cryptologie,crittografia,علم التشفير,,,,криптология
current,current,actual,atual,aktuell,actuel,attuale,حالي,,atual,,ток
cursor,cursor,cursor,cursor,Mauszeiger,le curseur,cursore,مؤشر,,cursor,,курсор
curve,curve,curva,curva,Kurve,courbe,curva,منحنى,,curva,,кривая
custom,custom,a medida,personalizado,angepasst,Douane,personalizzato,مخصص,,personalizado,,обычай
customization,customization,customización,customização,Anpassung,personnalisation,personalizzazione,تخصيص,,customização,,настройка
customize,customize,personalizar,personalizar,anpassen,Personnaliser,personalizzare,خصص,,personalizar,,настроить
cut,cut,cortar,recortar,ausschneiden,couper,taglia,قص,,recortar,,резать
cycle,cycle,ciclo,ciclo,Zyklus,cycle,ciclo,دورة,,ciclo,,цикл
daemon,daemon,demonio,daemon,Hintergrund-Dienst,démon,demone,عفريت,,daemon,,демон
damage,damage,daño,,Schaden,dommage,danno,ضرر,,,,повреждение
data,data,datos,dados,Daten,Les données,dati,بيانات,,dados,,данные
dataUpload,data upload,carga de datos,Carregue dados,Daten hochladen,dataUpload,,,,,,dataUpload
database,database,base de datos,base de dados,Datenbank,base de données,database,قاعدة بيانات,,base de dados,,база данных
debug,debug,quitar el error,depurar,Fehler beseitigen,déboguer,debug,أزل الخلل,,depurar,,отлаживать
debugger,debugger,que quita el error,depurador,Debugger,débogueur,debugger,منقح,,depurador,,отладчик
decimal,decimal,decimal,decimal,dezimal,décimal,decimale,عشري,,decimal,,десятичный
decode,decode,descifrar,,dekodieren,décoder,decodifica,فك الترميز,,,,раскодировать
decompress,decompress,descomprimir,descomprimir,dekomprimieren,décompresser,decompresso,فك الضغط,,descomprimir,,разжимать
decrease,decrease,disminuir,diminuir,reduzieren,diminution,diminuzione,قلل,,diminuir,,снижение
decrypt,decrypt,descifrar,descriptografar,entschlüsseln,déchiffrer,decodificare,فك التشفير,,descriptografar,,расшифровывать
decryption,decryption,desciframiento,descriptografia,Entschlüsselung,déchiffrement,decifrazione,فك تشفير,,descriptografia,,дешифрование
default,default,predeterminado,padrão,Standardeinstellung,par défaut,predefinito,افتراضي,,padrão,,дефолт
defect,defect,defecto,,Defekt,défaut,sconfiggi,عيب,,,,дефект
define,define,definir,,definieren,définir,definisci,عرف - حدد,,,,определять
definition,definition,definición,definição,Definition,définition,definizione,تعريف,,definição,,определение
degree,degree,nivel,grau,Grad,degré,grado,درجة,,grau,,степень
delay,delay,retrasar,atraso,Verzögerung,retard,ritardo,تأخير,,atraso,,задержка
delete,delete,borrar,excluir,löschen,supprimer,elimina,احذف,,excluir,,удалять
deletion,deletion,supresión,exclusão,Löschung,suppression,eliminazione,حذف,,exclusão,,удаление
delimiter,delimiter,delimitador,delimitador,Trennzeichen,séparateur,separatore,مُحِد,,delimitador,,ограничитель
demo,demo,demo,demonstração,Demo,démo,dimostrazione,عرض,,demonstração,,демонстрация
deny,deny,negar,,verweigern,refuser,nega,رفض - إنكار,,,,Отрицать
dependence,dependence,dependencia,dependência,Abhängigkeit,dépendance,dipendenza,تبعية,,dependência,,зависимость
dependency,dependency,dependencia,dependência,Abhängigkeit,dépendance,dipendenza,إعتمادية,,dependência,,зависимость
depth,depth,profundidad,profundidade,Tiefe,profondeur,profondità,عمق,,profundidade,,глубина
derived,derived,obtenido,derivado,abgeleitet,dérivé,derivato,مشتق,,derivado,,полученный
descending,descending,descendente,decrescente,absteigend,descendant,discendente,تنازلي,,decrescente,,нисходящий
description,description,descripción,descrição,Beschreibung,la description,descrizione,وصف,,descrição,,описание
deselect,deselect,deseleccionar,,abwählen,désélectionner,deselezionare,أزل الانتقاء,,,,отменить
design,design,diseño,design,Design,conception,progettazione,تصميم,,design,,дизайн
desktop,desktop,escritorio,área de trabalho,Desktop,bureau,desktop,سطح المكتب,,área de trabalho,,рабочий стол
destination,destination,destino,destinação,Ziel,destination,destinazione,هدف,,destinação,,место назначения
destroy,destroy,destruir,destrói,zerstören,détruire,distruggere,دمِّر,,destrói,,уничтожить
detach,detach,despegar,desanexar,lösen,détacher,staccare,إنزع,,desanexar,,отрывать
detect,detect,detectar,detectar,erkennen,détecter,rileva,اكشف,,detectar,,обнаружить
develop,develop,desarrollar,desenvolver,entwickeln,développer,sviluppare,طوِّر,,desenvolver,,развивать
developer,developer,desarrollador,desenvolvedor,Entwickler,développeur,sviluppatore,مطور,,desenvolvedor,,разработчик
development,development,desarrollo,desenvolvimento,Entwicklung,développement,sviluppo,تطوير,,desenvolvimento,,развитие
device,device,dispositivo,dispositivo,Gerät,périphérique,dispositivo,جهاز,,dispositivo,,устройство
diagram,diagram,diagrama,diagrama,Diagramm,diagramme,diagramma,رسم بياني,,diagrama,,диаграмма
dial,dial,marcar,discar,wählen,cadran,sintonizzare,قم بطلب رقم,,discar,,набирать номер
dialog,dialog,diálogo,diálogo,Dialog,dialogue,dialogo,حوار,,diálogo,,диалог
dialup,dialup,marcar,,Wählleitung,dialup,dialup,هاتفي,,,,набрать номер
difference,difference,diferencia,diferença,Unterschied,différence,differenza,اختلاف,,diferença,,разница
digit,digit,dígito,dígito,Ziffer,chiffre,cifra,رقم,,dígito,,цифра
digital,digital,digital,digital,digital,numérique,digitale,رقمي,,digital,,цифровой
dimension,dimension,dimensión,dimensão,Dimension,dimension,dimensione,بعد,,dimensão,,измерение
directory,directory,directorio,diretório,Verzeichnis,répertoire,cartella,دليل,,diretório,,каталог
disable,disable,desactivar,desabilitado,deaktivieren,désactiver,disabilitare,عطِّل,,desabilitado,,запрещать
disc,disc,disco,disco,Datenträger,disque,disco,قرص,,disco,,диск
discard,discard,descartar,descartar,verwerfen,Jeter,ignorare,قم بالغاء,,descartar,,отбрасывать
disconnect,disconnect,desconectar,desconectar,trennen,couper,disconnetti,قطع الاتصال,,desconectar,,Отключить
discussion,discussion,debate,discussão,Diskussion,discussion,discussione,حوار - نقاش,,discussão,,обсуждение
disk,disk,disco,disco,Datenträger,disque,disco,قرص,,disco,,диск
dispatch,dispatch,enviar,expedir,erledigen,envoi,inviare,ارسل,,expedir,,отправка
display,display,pantalla,exibir,anzeigen,afficher,display,عرض,,exibir,,дисплей
distort,distort,distorsionar,,verfälschen,fausser,deformare,شوِّه,,,,искажать
distribute,distribute,distribuir,distribuir,verbreiten,distribuer,distribuire,وزّع,,distribuir,,распространять
distribution,distribution,distribución,distribuição,Distribution,Distribution,distribuzione,توزيع,,distribuição,,распределение
distributor,distributor,distribuidor,distribuidor,Lieferant,distributeur,distributore,موزع,,distribuidor,,дистрибьютор
dock,dock,acoplar,encaixar,andocken,Dock,bacino,شريط الرموز,,encaixar,,док
document,document,documento,documento,Dokument,document,documento,مستند,,documento,,документ
documentation,documentation,documentación,documentação,Dokumentation,Documentation,documentazione,توثيق,,documentação,,документация
domain,domain,dominio,domínio,Domain,domaine,dominio,نطاق,,domínio,,домен
doubleclick,double click,doble clic,duplo clique,Doppelklick,doubleclick,doppio clic,نقر مزدوج,,duplo clique,,двойной щелчок
download,download,descargar,baixar,herunterladen,Télécharger,scaricamento,تنزيل,,baixar,,скачать
drag,drag,arrastrar,arrastar,ziehen,traîne,trascinare,اسحب,,arrastar,,"тащить, тянуть"
draw,draw,dibujar,desenhar,zeichnen,dessiner,disegno,ارسم,,desenhar,,рисовать
driver,driver,driver,driver,Treiber,chauffeur,driver,محرك أقراص,,driver,,Водитель
dual,dual,dual,,dual,double,doppia,مزدوج,,,,двойной
dump,dump,verter,despejo,Auszug,déverser,svuotare,تخلى,,despejo,,свалка
duplicate,duplicate,duplicar,duplicar,duplizieren,dupliquer,duplicato,انسخ,,duplicar,,дублировать
dynamic,dynamic,dinámico,dinâmico,dynamisch,dynamique,dinamico,ديناميكي,,dinâmico,,динамический
echo,echo,eco,,Echo,écho,eco,صدى,,,,эхо
edit,edit,editar,editar,bearbeiten,modifier,modifica,حرر,,editar,,редактировать
edition,edition,edición,edição,Auflage,édition,edizione,طبعة,,edição,,издание
editor,editor,editor,editor,Editor,éditeur,curatore,محرر,,editor,,редактор
effect,effect,efecto,efeito,Effekt,effet,effetto,مؤثر,,efeito,,эффект
eject,eject,expulsar,ejetar,auswerfen,éjecter,espelli,أخرج,,ejetar,,выталкивать
electronic,electronic,electrónico,eletrônico,elektronisch,électronique,elettronico,الكتروني,,eletrônico,,электронный
element,element,elemento,elemento,Element,élément,elemento,عنصر,,elemento,,элемент
email,email,correo electrónico,E-mail,E-Mail,courrier électronique,posta elettronica,بريد إلكتروني,,E-mail,,Эл. адрес
embed,embed,incrustrar,embutir,einbetten,incorporer,incorpora,ضمِّن,,embutir,,встраивать
emoticon,emoticon,emoticono,emoticon,Smiley,émoticône,emoticon,وجه تعبيري,,emoticon,,смайлик
empty,empty,vacío,vazio,leer,vide,vuoto,أفرغ,,vazio,,пустой
emulate,emulate,emular,emular,emulieren,émuler,emulare,قم بمحاكاة,,emular,,подражать
emulation,emulation,emulación,emulação,Emulation,émulation,emulazione,محاكاة,,emulação,,эмуляция
emulator,emulator,emulador,emulador,Emulator,émulateur,emulatore,محاكي,,emulador,,эмулятор
enable,enable,habilitar,habilitar,aktivieren,activer,abilita,فعِّل - مكِّن,,habilitar,,включить
enabled,enabled,habilitado,habilitado,aktiviert,activé,abilitato,ممكن - تم تمكينه,,habilitado,,включен
encode,encode,codificar,codificar,codieren,encoder,codifica,رمِّز,,codificar,,шифровать
encoding,encoding,codificación,codificação,Kodierung,encodage,codifica,ترميز,,codificação,,кодирование
encrypt,encrypt,cifrar,criptografar,verschlüsseln,chiffrer,crittografa,قم بتعمية,,criptografar,,шифровать
encrypted,encrypted,cifrado,criptografado,verschlüsselt,chiffré,cifrato,مشفّر,,criptografado,,зашифрованная
encryption,encryption,cifrado,criptografia,Verschlüsselung,chiffrement,cifratura,تشفير,,criptografia,,шифрование
engine,engine,motor,mecanismo,engine,moteur,motore,محرك,,mecanismo,,двигатель
enhancement,enhancement,mejora,,Verbesserung,amélioration,miglioria,تحسين,,,,усиление
enlarge,enlarge,ampliar,,vergrößern,agrandir,espandere,كبِّر,,,,увеличить
enlargement,enlargement,ampliación,,Vergrößerung,agrandissement,ampliamento,تكبير - تضخيم,,,,укрупнение
enter,enter,entrar,inserir,eingeben,saisir,invio,أدخل,,inserir,,войти
entertainment,entertainment,entretenimiento,entretenimento,Unterhaltung,divertissement,spettacolo,ترفيه,,entretenimento,,развлекательная программа
entry,entry,entrada,entrada,Eintrag,saisie,voce,مدخلة,,entrada,,запись
environment,environment,entorno,ambiente,Umgebung,environnement,condizioni,بيئة,,ambiente,,среда
equalizer,equalizer,ecualizador,,Equalizer,but égalisateur,equalizzatore,معادل,,,,эквалайзер
erase,erase,borrar,apagar,entfernen,effacer,cancella,إمسح,,apagar,,стирать
error,error,error,erro,Fehler,Erreur,errore,خطأ,,erro,,ошибка
escape,escape,escape,,Escape,échapper,fuga,هروب,,,,побег
evaluation,evaluation,evaluación,avaliação,Auswertung,évaluation,valutazione,تقييم,,avaliação,,оценка
event,event,evento,evento,Ereignis,un événement,fatto,حدث,,evento,,событие
exception,exception,excepción,excessão,Ausnahme,exception,eccezione,استثناء,,excessão,,исключение
executable,executable,ejecutable,executável,ausführbar,exécutable,eseguibile,تنفيذي,,executável,,исполнимый
execute,execute,ejecutar,executar,ausführen,exécuter,esegui,نفِّذ,,executar,,выполнять
existing,existing,que existe,existente,vorhanden,existant,esistente,موجود,,existente,,существующий
exit,exit,salir,saída,beenden,quitter,esci,خروج,,saída,,выход
expand,expand,expandir,expandir,erweitern,développer,espandi,وسِّع,,expandir,,расширять
expansion,expansion,expansión,expansão,Erweiterung,expansion,espansione,توسيع,,expansão,,расширение
explore,explore,explorar,explorar,durchsuchen,explorer,esplora,تصفح - استطلع,,explorar,,проводить исследования
export,export,exportar,exportar,Exportieren,exportation,esporta,صَدّر,,exportar,,экспорт
expression,expression,expresión,expressão,Ausdruck,expression,espressione,تعبير,,expressão,,выражение
extend,extend,extender,,erweitern,étendre,estendi,مدد,,,,простираться
extensible,extensible,extensible,extensível,erweiterbar,extensible,allungabile,قابل للتمديد,,extensível,,растяжимый
extension,extension,extensión,extensão,Erweiterung,extension,estensione,امتداد,,extensão,,расширение
external,external,externo,externo,extern,externe,esterno,خارجي,,externo,,внешний
extra,extra,extra,,Extra,supplémentaire,extra,إضافي,,,,дополнительный
extract,extract,extraer,extrair,entpacken,extrait,estrarre,استخراج - فك,,extrair,,экстракт
fail,fail,fallar,falhar,fehlgeschlagen,échouer,fallire,فشل,,falhar,,потерпеть поражение
fatal,fatal,fatal,fatal,fatal,fatal,irreversibile,فادح,,fatal,,фатальный
fault,fault,defecto,falha,Fehler,faute,guasto,خطأ,,falha,,придираться
favorite,favorite,favorito,favorito,Favorit,préféré,preferito,مفضل,,favorito,,любимый
feature,feature,característica,recurso,Funktion,fonctionnalité,caratteristica,ميزة,,recurso,,особенность
feed,feed,alimentar,fonte,Feed,alimentation,feed,لقِّم,,fonte,,кормить
feedback,feedback,retroalimentación,comentários,Resonanz,retour d'information,feedback,رد فعل,,comentários,,Обратная связь
fetch,fetch,traer,obter,holen,apporter,stratagemma,إجلب,,obter,,получать
field,field,campo,campo,Feld,champ,campo,حقل,,campo,,поле
figure,figure,cifra,figura,Abbildung,figure,immaginare,شكل,,figura,,фигура
file,file,archivo,arquivo,Datei,fichier,file,ملف,,arquivo,,файл
fileUpload,file upload,Carga de archivo,Cerregue archivo,Datei Hochladen,téléchargement de fichiers,,,,,,файл загружен
fill,fill,rellenar,preencher,ausfüllen,remplir,riempire,إملأ,,preencher,,заполнить
filter,filter,filtro,filtro,Filter,filtre,filtro,مرشح,,filtro,,фильтр
find,find,encontrar,localizar,suchen,trouver,trovare,اوجد,,localizar,,находить
firewall,firewall,firewall,firewall,Firewall,pare-feu,firewall,جدار ناري,,firewall,,брандмауэр
firmware,firmware,firmware,firmware,Firmware,firmware,firmware,برمجيات مضمنة,,firmware,,прошивка
fit,fit,caber,ajustar,geeignet,en forme,adattare,مناسب,,ajustar,,поместиться
fix,fix,fijar,corrigir,(Fehler) beheben,réparer,correggere,أصلح,,corrigir,,фиксировать
flag,flag,bandera,sinalizador,Markierung,drapeau,bandiera,علم,,sinalizador,,флаг
flash,flash,flash,flash,Blitz,flash,lampeggiare,وميض,,flash,,вспышка
flat,flat,plano,simples,flach,appartement,piatto,مسطح,,simples,,плоский
flip,flip,voltear,inverter,umdrehen,feuilles mobiles,lanciare,إقلب,,inverter,,кувырок
floatverb,float (verb),flotar,flutuar (verbo),gleiten (Verb),floatverb,galleggiare (verbo),يطفو (فعل),,flutuar (verbo),,floatverb
flood,flood,inundar,inundar,überschwemmen,inonder,allagare,طوفان,,inundar,,наводнение
floppy,floppy,floppy,disquete,Diskette,souple,floppy,مرن,,disquete,,дискета
folder,folder,carpeta,pasta,Ordner,dossier,cartella,مجلد,,pasta,,папка
font,font,tipo de letra,fonte,Schriftart,Police de caractère,carattere,خط,,fonte,,шрифт
footer,footer,pie de página,rodapé,Fußzeile,bas de page,piè di pagina,حاشية سفلية,,rodapé,,нижний колонтитул
form,form,formulario,formulário,Formular,forme,modulo,نموذج,,formulário,,форма
formatnoun,format (noun),formato,formato (substantivo),Format (Nomen),formatnoun,formato,هيئة - تهيئة (اسم),,formato (substantivo),,formatnoun
formatverb,format (verb),formatear,formatar (verbo),formatieren (Verb),formatverb,formattare,هيء (فعل),,formatar (verbo),,formatverb
formatted,formatted,formateado,formatado,formatiert,mis en forme,formattato,مهيء,,formatado,,отформатированные
formula,formula,formula,fórmula,Formel,formule,formula,معادلة,,fórmula,,формула
forum,forum,foro,,Forum,forum,forum,منتدى,,,,Форум
fragment,fragment,fragmento,fragmento,Bruchstück,fragment,frammento,جزء - كسرة,,fragmento,,фрагмент
frame,frame,marco,quadro,Einzelbild,Cadre,frame,إطار,,quadro,,Рамка
frameset,frame set,conjunto de marcos,,Frameset,frameset,,طقم إطارات,,,,фреймы
framework,framework,entorno de trabajo,,Framework,cadre,framework,هيكل,,,,фреймворк
freesoftware,free software,software libre,software livre,freie Software,logiciel gratuit,software libero,برمجيات حرة,,software livre,,бесплатно программное обеспечение
freeze,freeze,congelar,congelar,einfrieren,gel,congelare,جمِّد,,congelar,,замерзать
frequency,frequency,frecuencia,frequência,Frequenz,la fréquence,frequenza,تردد,,frequência,,частота
frontend,front end,primario,interface,Frontend,l'extrémité avant,interfaccia,نهاية أمامية,,interface,,внешний интерфейс
function,function,función,função,Funktion,une fonction,funzione,دالة - وظيفة,,função,,функция
gallery,gallery,galería,galeria,Galerie,Galerie,galleria,معرض,,galeria,,галерея
game,game,juego,jogo,Spiel,Jeu,gioco,لعبة,,jogo,,игра
gateway,gateway,entrada,gateway,Gateway,passerelle,gateway,بوابة,,gateway,,шлюз
generate,generate,generar,,erzeugen,produire,genera,ولِّد,,,,генерировать
generation,generation,generación,geração,Generation,génération,generazione,توليد - جيل,,geração,,поколение
generator,generator,generador,gerador,Generator,Générateur,generatore,مولد,,gerador,,генератор
generic,generic,genérico,genérico,generisch,générique,generico,عام,,genérico,,общий
geometric,geometric,geométrico,geométrico,geometrisch,géométrique,geometrico,هندسي,,geométrico,,геометрический
geometry,geometry,geometría,geometria,Geometrie,géométrie,geometria,هندسة,,geometria,,геометрия
grab,grab,coger,captar,greifen,saisir,presa,قبض,,captar,,грейфер
gradient,gradient,gradual,gradiente,Steigung,pente,sfumatura,تدرج,,gradiente,,градиент
grain,grain,grano,granulação,Körnung,grain,grano,تحبب,,granulação,,зерно
graph,graph,gráfico,gráfico,Schaubild,graphique,grafo,رسم بياني,,gráfico,,график
graphic,graphic,gráfico,gráfico,Grafik,graphique,grafico,بياني,,gráfico,,графический
graphical,graphical,gráfico,gráfica,grafisch,graphique,grafico,رسومي,,gráfica,,графический
graphics,graphics,gráficos,gráficos,Grafik,graphique,grafica,رسوميات,,gráficos,,графика
grayscale,gray-scale,escala de grises,escala de cinza,Graustufen,en niveaux de gris,scala di grigi,تدرج رمادي,,escala de cinza,,полутоновой
grid,grid,cuadrícula,grade,Gitter,la grille,reticolo,شبكة,,grade,,сетка
group,group,grupo,grupo,Gruppe,groupe,gruppo,مجموعة,,grupo,,группа
guess,guess,suponer,,raten,deviner,supporre,خمن,,,,Угадай
guest,guest,invitado,convidado,Gast,client,ospite,ضيف,,convidado,,гость
handlenoun,handle (noun),asa,manejo (substantivo),Griff (Nomen),handlenoun,gestore (nome),تعامل (اسم),,manejo (substantivo),,handlenoun
handleverb,handle (verb),manejar,manejar (verbo),handhaben (Verb),handleverb,gestire (verbo),عامل (فعل),,manejar (verbo),,handleverb
handler,handler,manipulador,manipulador,Behandlungsroutine,maître,gestore,مداول,,manipulador,,обработчик
hardware,hardware,hardware,hardware,Hardware,Matériel,hardware,عتاد,,hardware,,аппаратные средства
hash,hash,hash,hash,Hash,hacher,hash,جزء - تجزيء,,hash,,гашиш
head,head,cabeza,cabeçalho,Kopf,tête,testa,رأس - مقدمة,,cabeçalho,,голова
header,header,cabecera,cabeçalho,Kopfzeile,entête,header,ترويسة - رأس الصفحة,,cabeçalho,,заголовок
height,height,altura,altura,Höhe,la taille,altezza,إرتفاع,,altura,,рост
hello,hello,hola,olá,Hallo,Bonjour,,,,olá,,Привет
help,help,ayuda,ajuda,Hilfe,Aidez-moi,aiuto,مساعدة,,ajuda,,Помогите
hide,hide,ocultar,ocultar,ausblenden,cacher,nascondere,إخفاء,,ocultar,,скрывать
hierarchy,hierarchy,jerarquía,hierarquia,Hierarchie,hiérarchie,gerarchia,هرمي - تسلسل هرمي,,hierarquia,,иерархия
highlight,high light,destacar,,hervorheben,mettre en surbrillance,evidenziare,إبراز - إبانة,,,,основной момент
history,history,historia,histórico,Verlauf,historique,cronologia,تاريخ,,histórico,,история
host,host,host,máquina,Rechner,hôte,host,مضيف,,máquina,,хозяин
hostname,hostname,nombre del sistema,,Rechnername,nom d'hôte,nome dell'host,أسم المضيف,,,,имя хоста
hyperlink,hyperlink,hipervínculo,link,Hyperlink,hyperlien,collegamento ipertestuale,وصلة فائقة - وصلة شبكية,,link,,гиперссылка
hypertext,hypertext,hipertexto,hipertexto,Hypertext,hypertexte,ipertesto,نص فائق - نص شبكي,,hipertexto,,гипертекста
icon,icon,icono,ícone,Symbol,icône,icona,أيقونة,,ícone,,значок
identify,identify,identificar,,Identifizieren,identifier,identificare,عرِّف,,,,идентифицировать
idle,idle,inactivo,ocioso,inaktiv,tourner au ralenti,inattivo,خامل - ساكن,,ocioso,,вхолостую
ignore,ignore,ignorar,ignorar,Ignorieren,ignorer,ignora,تجاهل,,ignorar,,игнорировать
image,image,imagen,imagem,Bild,image,immagine,صورة,,imagem,,образ
implement,implement,implementar,,implementieren,mettre en place,implementare,نفِّذ,,,,воплощать в жизнь
import,import,importar,importar,importieren,importation,importare,اسّتورد,,importar,,Импортировать
inactive,inactive,inactivo,inativo,inaktiv,inactif,inattivo,خامل - غير نشط,,inativo,,неактивный
inbox,inbox,bandeja de entrada,caixa de entrada,Posteingang,boîte de réception,in arrivo,صندوق الوارد,,caixa de entrada,,входящие
inch,inch,pulgada,polegada,Zoll,pouce,pollice,بوصة,,polegada,,дюймовый
include,include,incluir,incluir,einbinden,comprendre,includi,ضمِّن,,incluir,,включают
incoming,incoming,entrante,recebida,eingehend,nouveau,in entrata,وارد,,recebida,,входящий
incompatible,incompatible,incompatible,incompatível,inkompatibel,incompatible,incompatibile,غير متوافق,,incompatível,,несовместимый
increase,increase,aumentar,aumentar,erhöhen,augmenter,aumenta,إرفع - زد,,aumentar,,увеличение
increment,increment,incrementar,incremento,erhöhen,incrément,aumento,علاوة - زيادة,,incremento,,приращение
indent,indent,sangrar,recuo,einrücken,tiret,indenta,مسافة بادئة,,recuo,,отступ
index,index,índice,índice,Index,indice,indice,فهرس,,índice,,индекс
indice,indice,índice,,indisch,indice,,فهرس - مفتاح,,,,Indice
infect,infect,infectar,,anstecken,infecter,infettare,يعدي - ينقل عدوى,,,,заражать
infinite,infinite,infinito,infinito,unendlich,infini,infinito,لا متناهي,,infinito,,бесконечный
information,information,información,informação,Information,information,informazioni,معلومات,,informação,,Информация
infrared,infrared,infrarrojo,infravermelho,Infrarot,infrarouge,infrarosso,لآشعة دون الحمراء - الآشعة تحت الحمراء,,infravermelho,,инфракрасный
initial,initial,inicial,inicial,Initialen,initiale,iniziale,أولي - ابتدائي,,inicial,,начальная
initialize,initialize,inicializar,inicializar,Initialisieren,initialiser,inizializza,جهز - هيء,,inicializar,,инициализировать
input,input,entrada,entrada,Eingabe,contribution,input,مُدخل,,entrada,,вход
insert,insert,insertar,inserir,einfügen,insérer,inserisci,أدرج - إدراج,,inserir,,вставить
install,install,instalar,instalar,installieren,installer,installare,ثبِّت,,instalar,,устанавливать
installer,installer,instalador,instalador,Installationsprogramm,programme d'installation,programma d'installazione,مثبت,,instalador,,монтажник
instance,instance,ejemplo,instância,Beispiel,exemple,istanza,مرة,,instância,,пример
instruction,instruction,instrucción,instrução,Instruktion,instruction,istruzione,تدريب - تعليم,,instrução,,инструкция
integer,integer,número entero,inteiro,Ganzzahl,nombre entier,intero,عدد صحيح,,inteiro,,целое число
integral,integral,integral,integral,Integral,intégral,integrale,مدمج - متكامل,,integral,,интеграл
integrate,integrate,integrar,integrar,integrieren,intégrer,integrare,إدمج - وحِّد,,integrar,,интегрировать
integration,integration,integración,integração,Integration,l'intégration,integrazione,إندماج - دمج,,integração,,интеграция
integrity,integrity,integridad,integridade,Integrität,intégrité,integrità,تكامل,,integridade,,целостность
intensity,intensity,intensidad,intensidade,Intensität,intensité,intensità,شدة - كثافة,,intensidade,,интенсивность
interactivity,interactivity,interactividad,interatividade,Interaktivität,interactivité,interattività,تفاعلية,,interatividade,,интерактивность
interface,interface,interfaz,interface,Oberfläche,interface,interfaccia,واجهة,,interface,,интерфейс
internal,internal,interno,interno,intern,interne,interno,داخلي - باطني,,interno,,внутренний
internet,internet,internet,internet,Internet,l'Internet,internet,إنترنت,,internet,,интернет
interrupt,interrupt,interrumpir,interrupção,Interrupt,interrompre,interrupt,انقطاع,,interrupção,,прерывание
invalid,invalid,inválido,inválido,ungültig,non valide,non valido,غير صحيح - لاغي,,inválido,,недействительным
inverse,inverse,inverso,inverso,umgekehrt,inverse,inverso,إعكس,,inverso,,обратный
invert,invert,invertir,inverter,umkehren,inverser,inverti,قلب - عكس,,inverter,,инвертировать
invoke,invoke,invocar,invocar,aufrufen,invoquer,invoca,استدعي - نشِّط,,invocar,,взывать
italic,italic,itálica,itálico,kursiv,italique,corsivo,مائل,,itálico,,курсивный
item,item,ítem,item,Element,article,voce,عنصر,,item,,вещь
iteration,iteration,iteración,iteração,Wiederholung,itération,iterazione,تكرار,,iteração,,итерация
jag,jag,juerga,,Besäufnis,pointe,,شق,,,,выщерблять
jam,jam,mermelada,,Stau,confiture,bloccato,زحام - تكدس,,,,варенье
job,job,trabajo,trabalho,Arbeit,emploi,attività,مهمة,,trabalho,,работа
join,join,unir,entrar,beitreten,joindre,partecipare,انضمام,,entrar,,присоединиться
joystick,joy stick,joy stick,,Joystick,manette,joystick,عصا الآلعاب,,,,джойстик
jump,jump,saltar,pular,springen,saut,salta,إقفز - تجاوز,,pular,,Прыгать
junk,junk,porqueria,lixo,Abfall,déchet,spazzatura,قمامة - غير هام,,lixo,,барахло
justify,justify,justificar,justificar,Blocksatz,justifier,giustifica,ضبط - تسوية,,justificar,,обосновывать
keep,keep,mantener,manter,behalten,garder,mantieni,اترك,,manter,,держать
kernel,kernel,núcleo,kernel,Kernel,noyau,kernel,نواة,,kernel,,ядро
key,key,tecla,chave,Taste,clé,tasto,مفتاح,,chave,,ключ
keystroke,key stroke,pulsación de tecla,pressionar tecla,Tastenanschlag,combinaison de touches,pressione del tasto,ضغطة زر- كبسة زر,,pressionar tecla,,нажатие клавиши
keyword,key word,palabra clave,palavra chave,Stichwort,mot-clé,parola chiave,كلمة أساسية - كلمة رئيسية,,palavra chave,,ключевое слово
keyboard,keyboard,teclado,teclado,Tastatur,clavier,tastiera,لوحة المفاتيح,,teclado,,клавиатура
label,label,etiqueta,rótulo,Beschriftung,étiquette,etichetta,عنوان - ملصق,,rótulo,,этикетка
landscape,landscape,paisaje,paisagem,Querformat,paysage,orizzontale,عرضي - أفقي,,paisagem,,пейзаж
language,language,idioma,língua,Sprache,la langue,lingua,لغة,,idioma,,язык
laptop,laptop,ordenador portátil,laptop,Laptop,portable,laptop,حاسوب محمول - كمبيوتر محمول,,laptop,,портативный компьютер
launch,launch,lanzamiento,iniciar,starten,lancement,lancia,نفِّذ - شغِّل,,iniciar,,запуск
layer,layer,capa,camada,Schicht,couche,layer,طبقة,,camada,,слой
layout,layout,diseño,,Entwurf,disposition,disposizione,مظهر - تخطيط,,,,расположение
length,length,longitud,duração,Länge,longueur,lunghezza,طول,,duração,,длина
license,license,licencia,licença,Lizenz,Licence,licenza,رخصة - ترخيص,,licença,,лицензия
line,line,línea,linha,Linie,ligne,linea,سطر - خط,,linha,,линия
link,link,enlace,link,Verknüpfung,lien,collegamento,رابط - وصلة,,link,,ссылка на сайт
list,list,lista,listar,Liste,liste,elenco,قائمة - لائحة,,listar,,список
load,load,cargar,carregar,laden,charger,caricare,حمِّل,,carregar,,нагрузка
local,local,local,local,lokal,local,locale,محلي,,local,,местный
localization,localization,localización,localização,Lokalisierung,localisation,localizzazione,توطين - تطويع,,localização,,локализация
location,location,ubicación,localização,Ort,emplacement,posizione,موقع,,localização,,место нахождения
log,log,registrar,,Protokoll,journal,log,سِجل,,,,журнал
lookup,lookup,búsqueda,procurar,nachschlagen,Chercher,ricerca,ابحث,,procurar,,уважать
lowercase,lower-case,letra minúscula,minúsculas,Kleinschreibung,minuscule,minuscolo,أحرف صغيرة,,minúsculas,,в нижнем регистре
machine,machine,máquina,computador,Maschine,machine,macchina,آلة - ماكينة,,computador,,машина
mainboard,main board,tablero principal,placa mãe,Mainboard,mainboard,scheda madre,لوحة رئيسية,,placa mãe,,материнская плата
maintainer,maintainer,mantener,,Betreuer,mainteneur,manutentore,مصين,,,,сопровождающий
maintenance,maintenance,mantenimiento,manutenção,Wartung,entretien,manutenzione,صيانة,,manutenção,,поддержание
manage,manage,gestionar,gerenciar,verwalten,gérer,gestire,در - أدِر,,gerenciar,,управлять
management,management,gestión,gerenciamento,Verwaltung,la gestion,gestione,إدارة,,gerenciamento,,управление
manager,manager,gestor,gerenciador,Manager,directeur,gestore,مدير,,gerenciador,,менеджер
manual,manual,manual,manual,Handbuch,Manuel,manuale,دليل - يدوي,,manual,,руководство
margin,margin,margen,margem,Rand,marge,margine,هامش,,margem,,поле
mark,mark,marcar,marca,markieren,marque,segno,علامة,,marca,,отметка
master,master,maestro,mestre,Meister,maîtriser,maestro,رئيسي - رئيس,,mestre,,мастер
match,match,igualar,corresponder,übereinstimmen,rencontre,corrispondere,طابق,,corresponder,,матч
maximize,maximize,maximizar,maximizar,maximieren,maximiser,massimizza,كبِّر,,maximizar,,максимизировать
memory,memory,memoria,memória,Speicher,Mémoire,memoria,ذاكرة,,memória,,объем памяти
menu,menu,menú,menu,Menü,menu,menù,قائمة,,menu,,меню
merge,merge,fusionar,mesclar,zusammenführen,fusionner,fusione,إدمج,,mesclar,,сливаться
message,message,mensaje,mensagem,Nachricht,message,messaggio,رسالة,,mensagem,,сообщение
method,method,método,método,Methode,méthode,metodo,طريقة,,método,,метод
minimize,minimize,minimizar,minimizar,Minimieren,minimiser,minimizzare,صغِّر,,minimizar,,минимизировать
mode,mode,modo,modo,Modus,mode,modalità,نمط - وضع,,modo,,Режим
modem,modem,módem,modem,Modem,modem,modem,موديم,,modem,,модем
moderator,moderator,moderador,moderador,Moderator,modérateur,moderatore,مشرف,,moderador,,Модератор
modify,modify,modificar,modificar,ändern,modifier,modifica,عدّل,,modificar,,модифицировать
module,module,módulo,módulo,Modul,module,modulo,وحدة,,módulo,,модуль
monitor,monitor,monitor,monitor,Monitor,moniteur,schermo,مراقب - مرقاب,,monitor,,монитор
mosaic,mosaic,mosaico,mosáico,Mosaik,mosaïque,mosaico,فسيفساء,,mosáico,,мозаика
motion,motion,señal,animação,Bewegung,mouvement,movimento,حركة,,animação,,движение
mouse,mouse,ratón,mouse,Maus,Souris,mouse,فأرة,,mouse,,мышь
move,move,mover,mover,bewegen,bouge toi,movimento,انقل,,mover,,переехать
multimedia,multimedia,multimedia,multimídia,Multimedia,multimédia,multimedia,وسائط متعددة,,multimídia,,мультимедиа
multitasking,multitasking,multitarea,multitarefa,Multitasking,multi-tâches,multitasking,تعدد المهام - تعدد المهمات,,multitarefa,,многозадачность
name,name,nombre,nome,Name,nom,nome,اسم,,nome,,название
named,named,nombrado,nomeado,benannt,nommé,chiamato,المسمى,,nomeado,,названный
navigation,navigation,navegación,navegação,Navigation,navigation,navigazione,تصفح,,navegação,,навигация
navigator,navigator,navegador,navegador,Navigator,navigateur,navigatore,ملاح,,navegador,,навигатор
network,network,red,rede,Netzwerk,réseau,rete,شبكة,,rede,,сеть
newsgroup,news group,grupo de noticias,grupo de notícia,Newsgroup,newsgroup,newsgroup,مجموعة أخبار,,grupo de notícia,,группа новостей
next,next,siguiente,próximo,weiter,suivant,prossimo,التالي - تالي,,próximo,,следующий
nickname,nick name,alias,apelido,Spitzname,surnom,nick,اسم مستعار,,apelido,,прозвище
no,no,no,não,Nein,non,,لا,,não,,нет
node,node,nodo,nó,(Netzwerk-) Knoten,nœud,nodo,عقدة - فرع,,nó,,узел
notation,notation,anotación,notação,Notation,notation,notazione,تدوين,,notação,,обозначение
note,note,nota,observação,Notiz,Remarque,nota,ملاحظة,,observação,,нота
notebook,notebook,ordenador portátil,bloco de anotações,Notebook,carnet,blocco note,حاسوب محمول,,bloco de anotações,,ноутбук
notification,notification,notificación,notificação,Benachrichtigung,notification,notifica,إعلام - التنبيه,,notificação,,уведомление
notify,notify,notificar,notificar,benachrichtigen,notifier,notificare,ابلاغ - تبليغ,,notificar,,поставить в известность
null,null,inválido,nulo,Null,null,null,منعدم - لاغي,,nulo,,ноль
number,number,número,número,Zahl,nombre,numero,رقم,,número,,число
numbering,numbering,numeración,,Nummerierung,numérotation,numerazione,ترقيم,,,,нумерация
object,object,objeto,objeto,Objekt,objet,oggetto,كائن,,objeto,,объект
occurrence,occurrence,incidencia,ocorrência,Auftreten,occurrence,occorrenza,حادثة - واقعة,,ocorrência,,вхождение
octet,octet,octeto,octeto,Oktett,octuor,ottetto,ثماني,,octeto,,октет
offline,offline,fuera de línea,offline,offline,hors ligne,disconnesso,غير متصل,,offline,,не в сети
OK,OK,Aceptar,,OK,D'accord,OK,موافق - حسناً,,,,Хорошо
ongoing,ongoing,en curso,,laufend,en cours,in corso,جار,,,,постоянный
online,online,en línea,online,online,en ligne,collegato,متصل,,online,,онлайн
opacity,opacity,opacidad,opacidade,Deckkraft,opacité,opacità,عتمة,,opacidade,,помутнение
opaque,opaque,opaco,opaco,undurchsichtig,opaque,opaco,معتم,,opaco,,непрозрачный
open,open,abrir,abrir,öffnen,ouvrir,apri,افتح,,abrir,,открыть
operation,operation,operación,operação,Vorgang,opération,operazione,عملية,,operação,,операция
option,option,opción,opção,Option,option,opzione,خيار - خيارات,,opção,,вариант
optional,optional,opcional,opcional,optional,facultatif,facoltativa,أختياري,,opcional,,необязательный
order,order,ordenar,ordem,Reihenfolge,ordre,ordine,ترتيب,,ordem,,порядок
organize,organize,organizar,,veranstalten,organiser,organizzare,نظِّم,,,,организовать
orientation,orientation,orientación,orientação,Ausrichtung,orientation,orientamento,إتجاه,,orientação,,ориентация
original,original,original,original,Original,original,originale,منشأ,,original,,оригинал
outgoing,outgoing,que sale,partida,ausgehend,sortant,in uscita,صادر - خارج,,partida,,исходящий
output,output,salida,saída,Ausgabe,sortie,output,إخراج - خَرْج,,saída,,выход
overflow,overflow,desbordamiento,excedente,Überlauf,débordement,overflow,فيض,,excedente,,переполнение
override,override,invalidar,substituir,außer Kraft setzen,passer outre,override,تجاوز,,substituir,,переопределение
overwrite,overwrite,sobrescribir,sobrescrever,überschreiben,écraser,sovrascrivi,كتابة فوقية|كتابة على,,sobrescrever,,затирать
owner,owner,propietario,proprietário,Besitzer,propriétaire,proprietario,مالك,,proprietário,,владелец
pack,pack,empaquetar,pacote,packen,pack,pacco,تحزيم,,pacote,,пак
package,package,paquete,pacote,Paket,paquet,imballaggio,حزمة,,pacote,,пакет
packet,packet,paquete,pacote,(Daten-)Paket,paquet,pacchetto,رزمة,,pacote,,пакет
padding,padding,relleno,preenchimento,Randabstand,rembourrage,spaziatura,حشو,,preenchimento,,набивка
page,page,página,página,Seite,page,pagina,صفحة,,página,,страница
paint,paint,pintar,pintar,Farbe,peindre,disegnare,دهن - صباغة - رسم,,pintar,,покрасить
pair,pair,par,par,Paar,paire,coppia,زوج,,par,,пара
palette,palette,paleta,paleta,(Farb-)Palette,palette,tavolozza,مسطرة الألوان - لوحة ألوان,,paleta,,палитра
panel,panel,panel,painel,Kontrollleiste,panneau,pannello,لوحة - لوحة التحكم,,painel,,панель
parallel,parallel,paralelo,paralelo,parallel,parallèle,parallelo,متوازي - موازي,,paralelo,,параллельно
parameter,parameter,parámetro,parâmetro,Parameter,paramètre,parametro,معامل,,parâmetro,,параметр
parcel,parcel,paquete,parcela,Paket,parcelle,pacco,رزمة - طرد,,parcela,,посылка
parent,parent,matriz,pai,Vorgänger,parent,genitore,أصلي - رئيسي,,pai,,родитель
parity,parity,paridad,paridade,Gradzahligkeit,parité,parità,إزدواج - تعادل,,paridade,,соотношение
parse,parse,analizar,analisar,analysieren,analyser,analizzare,تحليل - إعراب,,analisar,,разбор
partition,partition,partición,partição,Aufteilung,cloison,partizione,قسم - تقسيم,,partição,,раздел
pass,pass,contraseña,passar,bestehen,passer,passare,مرر,,passar,,проходить
password,password,contraseña,senha,Passwort,mot de passe,password,كلمة سر,,senha,,пароль
paste,paste,pegar,colar,Einfügen,coller,incolla,لصق,,colar,,вставить
patchnoun,patch (noun),parche,correção (substantivo),Patch,patchnoun,toppa (nome),حزمة (اسم),,correção (substantivo),,patchnoun
patchverb,patch (verb),parche,corrigir (verbo),ausbessern,patchverb,correggere (verbo),احزم (فعل),,corrigir (verbo),,patchverb
path,path,ruta,caminho,Pfad,chemin,percorso,مسار,,caminho,,дорожка
pattern,pattern,modelo,padrão,Muster,modèle,pattern,نمط,,padrão,,шаблон
pause,pause,pausa,pausar,Pause,pause,pausa,اوقف مؤقتاً,,pausar,,Пауза
peripheral,peripheral,periférico,periférico,Peripheriegerät,périphérique,periferica,طرفي,,periférico,,периферический
permanent,permanent,permanente,permanente,dauerhaft,permanent,permanente,دائم,,permanente,,постоянный
permission,permission,permiso,permissão,Berechtigung,autorisation,permesso,إذن - صلاحية,,permissão,,разрешение
permutation,permutation,permutación,permutação,Permutation,permutation,permutazione,مبادلة,,permutação,,перестановка
physical,physical,físico,físico,physikalisch,physique,fisica,حسي - ملموس,,físico,,физическое
picture,picture,dibujo,imagem,Bild,image,immagine,صورة,,imagem,,картина
pipe,pipe,conducción,,Umleitung,tuyau,tubo,أنبوب,,,,труба
pixel,pixel,píxel,pixel,Pixel,pixel,pixel,بكسل,,pixel,,пиксель
placement,placement,colocación,,Platzierung,placement,posizionamento,موضع,,,,размещение
plain,plain,plano,simples,schlicht,plaine,semplice,مجرد - عادي,,simples,,гладкий
plotverb,plot (verb),trazar,,(ein-)zeichnen,plotverb,tracciare (verbo),خطط - تخطيط (فعل),,,,plotverb
plotter,plotter,trazador de gráficos,,Zeichengerät,traceur,plotter,خطاط - رسام,,,,плоттер
plugin,plugin,complemento,plug-in,Plugin,brancher,plugin,ملحق - إضافة مدمجة,,plug-in,,плагин
popup,pop up,pop up,,(plötzlich) erscheinen,apparaitre,popup,منبثق,,,,неожиданно возникнуть
port,port,puerto,porta,Port,Port,porto,منفذ - مدخل,,porta,,порт
position,position,posición,posição,Position,position,posizione,موقع - مكان,,posição,,позиция
post,post,enviar,publicar,,poster,post,ارسل,,publicar,,сообщение
preferences,preferences,preferencias,preferências,Einstellungen,préférences,preferenze,تفضيلات,,preferências,,предпочтения
prepare,prepare,preparar,preparar,vorbereiten,préparer,preparare,حضِّر,,preparar,,подготовить
presentation,presentation,presentación,apresentação,Präsentation,présentation,presentazione,عرض تقديمي,,apresentação,,презентация
press,press,pulsar,pressionar,drücken,presse,stampa,اضغط,,pressionar,,Нажмите
prevent,prevent,prevenir,,vermeiden,prévenir,previeni,اتقي - تجنب,,,,предотвращать
preview,preview,previsualización,visualizar,Vorschau,Aperçu,anteprima,معاينة,,visualizar,,предварительный просмотр
primary,primary,primario,primário,primär,primaire,primaria,أساسي - أولي,,primário,,первичный
principal,principal,principal,principal,Auftraggeber,principal,capo,رئيسي - أساسي,,principal,,главный
print,print,imprimir,imprimir,drucken,impression,stampa,اطبع,,imprimir,,Распечатать
printer,printer,impresora,impressora,Drucker,imprimante,stampante,طابعة,,impressora,,принтер
priority,priority,prioridad,prioridade,Priorität,priorité,priorità,أولوية,,prioridade,,приоритет
privacy,privacy,privacidad,privacidade,Privatsphäre,intimité,riservatezza,خصوصية,,privacidade,,Конфиденциальность
private,private,privado,particular,privat,privé,privato,خاص,,particular,,частный
privilege,privilege,privilegio,privilégio,Berechtigung,privilège,privilegio,امتياز,,privilégio,,привилегия
procedure,procedure,procedimiento,procedimento,Prozedur,procédure,procedura,إجراء,,procedimento,,процедура
process,process,proceso,processo,verarbeiten,processus,processo,عملية,,processo,,процесс
processor,processor,procesador,processador,Prozessor,processeur,processore,معالج,,processador,,процессор
product,product,producto,produto,Produkt,produit,prodotto,منتج,,produto,,товар
profile,profile,perfil,perfil,Profil,profil,profilo,تشكيل جانبي,,perfil,,профиль
program,program,programa,programa,Programm,programme,programma,برنامج,,programa,,программа
programmer,programmer,programador,programador,Programmierer,programmeur,programmatore,مبرمج,,programador,,программист
project,project,proyecto,projeto,Projekt,projet,progetto,مشروع,,projeto,,проект
prompt,prompt,prompt,,Kommandozeile,rapide,riga di comando,محث,,,,незамедлительный
property,property,propiedad,propriedade,Eigenschaft,propriété,proprietà,ملكية - خاصية,,propriedade,,имущество
proprietary,proprietary,propietario,proprietário,proprietär,propriétaire,proprietario,خاص - مملوك,,proprietário,,патентованный
protect,protect,proteger,proteger,(be-)schützen,protéger,proteggi,احمي,,proteger,,защищать
protection,protection,protección,proteção,Schutz,protection,protezione,حماية,,proteção,,защита
protocol,protocol,protocolo,protocolo,Protokoll,protocole,protocollo,بروتوكول - ميفاق,,protocolo,,протокол
provide,provide,proveer,,bereitstellen,fournir,fornire,وفر,,,,предоставлять
provider,provider,proveedor,fornecedor,Anbieter,fournisseur,provider,مزود - موفر,,fornecedor,,поставщик
proxy,proxy,proxy,proxy,Proxy-Server,Procuration,proxy,بروكسي - وسيط,,proxy,,полномочие
public,public,público,público,öffentlich,Publique,pubblico,عام - عمومي,,público,,общественности
publish,publish,publicar,publicar,veröffentlichen,publier,pubblicare,انشر,,publicar,,публиковать
pull,pull,tirar,,ziehen,tirez,tira,اسحب - جر,,,,вытащить
push,push,empujar,,drücken,pousser,premere,ادفع,,,,От себя
quality,quality,calidad,qualidade,Qualität,qualité,qualità,جودة,,qualidade,,качественный
quantity,quantity,cantidad,quantidade,Menge,quantité,quantità,كمية,,quantidade,,количество
quarantine,quarantine,cuarentena,quarentena,Quarantäne,quarantaine,quarantena,حجر صحي - عزل,,quarentena,,карантин
query,query,consulta,consultar,Anfrage,question,interrogazione,استعلام,,consultar,,запрос
queue,queue,cola,fila,Warteschlange,queue,accoda,طابور,,fila,,очередь
quit,quit,salir,sair,beenden,quitter,esci,مغادرة,,sair,,уволиться
quota,quota,cuota,cota,Kontingent,quota,cita,حصة - نصيب,,cota,,квота
quotation,quotation,cita,citação,Zitierung,devis,citazione,اقتباس,,citação,,цитата
quote,quote,citar,citação,Zitat,citation,virgolette,اقتبس,,citação,,котировка
raise,raise,alcanzar,aumentar,erhöhen,élever,alzare,رفع,,aumentar,,повышение
random,random,aleatorio,aleatório,Zufall,au hasard,casuale,عشوائي,,aleatório,,случайный
range,range,área,intervalo,Distanz,intervalle,intervallo,مجال,,intervalo,,спектр
rate,rate,valorar,taxa,Rate,taux,tasso,معدل - سرعة,,taxa,,темп
ratio,ratio,ratio,relação,Verhältnis,rapport,rapporto,نسبة,,relação,,соотношение
raw,raw,crudo,bruto,roh,brut,grezzo,خام,,bruto,,сырье
ray,ray,rayo,raio,Strahl,rayon,raggio,شعاع,,raio,,луч
reachable,reachable,alcanzable,,erreichbar,accessible,raggiungibile,في متناول اليد,,,,достижимый
read,read,leer,ler,Lese,lis,lettura,اقرأ,,ler,,читать
readonly,read only,sólo de lectura,somente leitura,nur lesbar,lecture seulement,a sola lettura,للقراءة فقط,,somente leitura,,только для чтения
readable,readable,leíble,,lesbar,lisible,leggibile,مقروء,,,,удобочитаемый
ready,ready,preparado,ready,bereit,prêt,pronto,جاهز,,ready,,готовы
real,real,real,real,real,réal,reale,حقيقي,,real,,реальный
reboot,reboot,reiniciar,reiniciar,Neustart,reboot,riavvia,إعادة تشغيل,,reiniciar,,перезагружать
receipt,receipt,recibo,recibo,Empfangsbestätigung,le reçu,ricevuta,توصيل,,recibo,,чек
receive,receive,recibir,receber,empfangen,recevoir,ricevere,استقبال,,receber,,Получать
recognition,recognition,reconocimiento,reconhecimento,Bestätigung,reconnaissance,riconoscimento,تعرف - تقدير,,reconhecimento,,признание
reconnect,reconnect,reconectar,reconectar,Erneut verbinden,reconnecter,riconnetti,اعد الاتصال,,reconectar,,воссоединиться
record,record,grabación,registro,Aufnahme,record,registrazione,سجل,,registro,,запись
recordverb,record (verb),grabar,registrar (verbo),aufnehmen,recordverb,registrare,سجل (فعل),,registrar (verbo),,recordverb
recover,recover,recuperar,recuperar,wiederherstellen,récupérer,recupera,استرجع - استرد,,recuperar,,оправляться
recovery,recovery,recuperación,recuperação,Wiederherstellung,récupération,recuperare,استراجاع - استرداد,,recuperação,,восстановление
recursion,recursion,recursividad,recursão,Rekursion,récursion,ricorsione,معاودة- تكرار,,recursão,,рекурсия
recursive,recursive,recursivo,recursivo,Unterordner einbeziehen,récursif,ricorsivo,تكراري,,recursivo,,рекурсивный
redirect,redirect,redireccionar,redirecionar,weiterleiten,réorienter,redirezione,إعادة توجيه,,redirecionar,,переадресовывать
redo,redo,rehacer,refazer,wiederholen,refaire,ripeti,تكرار,,refazer,,переделывать
reduce,reduce,reducir,,reduzieren,réduire,riduci,انقص,,,,уменьшить
reduction,reduction,reducción,redução,Abnahme,réduction,riduzione,انقاص - نقص,,redução,,сокращение
redundant,redundant,redundante,redundante,überflüssig,redondant,ridondante,متعدد,,redundante,,избыточный
reference,reference,referencia,referência,Verweis,référence,relazione,مرجع,,referência,,ссылка
referer,referer,referente,,referieren,referer,referente,دال,,,,реферер
referral,referral,referencia,referência,Referenz,référence,reinvio,إحالة,,referência,,направления
reflexive,reflexive,reflexivo,reflexivo,reflexiv,réfléchi,riflessivo,انعكاسي - عاكس,,reflexivo,,возвратный
refresh,refresh,actualizar,atualizar,aktualisieren,rafraîchir,aggiorna,إنعاش - اعادة تحميل,,atualizar,,обновление
refuse,refuse,rechazar,,zurückweisen,refuser,rifiuta,ارفض,,,,отказаться
regenerate,regenerate,regenerar,,erneuern,régénérer,rigenerare,إعادة توليد,,,,регенерировать
register,register,registrar,registrar,registrieren,registre,registra,سجل,,registrar,,регистр
registration,registration,inscripción,registro,Registrierung,enregistrement,registrazione,تسجيل,,registro,,постановка на учет
registry,registry,registro,registro,Register,enregistrement,registro,مسجل - سِجْل,,registro,,реестр
regular,regular,regular,regular,regelmäßig,ordinaire,regolare,منتظم - عادي,,regular,,регулярный
regulate,regulate,regular,regular,regulieren,réglementer,regola,نَظِّم,,regular,,регулировать
relay,relay,relevo,retransmitir,übermitteln,relais,relé,مُرحِّل - ناقل,,retransmitir,,реле
release,release,versión,versão,Abfall,Libération,versione,إصدار,,versão,,релиз
remaining,remaining,que queda,restante,verbleibend,restant,rimanente,باقٍ,,restante,,остальной
remind,remind,recordar,,erinnern,rappeler,ricordare,ذكِّر,,,,напоминать
remote,remote,remoto,remoto,entfernt,éloigné,remoto,عن بعد - بعيد,,remoto,,дистанционный пульт
removable,removable,desmontable,removível,entfernbar,amovible,rimovibile,قابل للإزالة,,removível,,съемный
remove,remove,eliminar,remover,entfernen,retirer,rimuovi,أزل,,remover,,Удалить
rename,rename,renombrar,renomear,umbenennen,Renommer,rinomina,اعد التسمية,,renomear,,переименовать
render,render,renderizar,renderizar,rendern,rendre,,قدم - اعرض,,renderizar,,оказывать
renew,renew,renovar,,erneuern,renouveler,rinnova,جدد,,,,возобновлять
repair,repair,reparar,reparar,reparieren,réparation,ripara,اصلح,,reparar,,ремонт
repeat,repeat,repetir,repetir,wiederholen,répéter,ripeti,كرّر,,repetir,,повторение
replace,replace,sustituir,substituir,ersetzen,remplacer,sostituisci,بدّل,,substituir,,замещать
replicate,replicate,replicar,,replizieren,reproduire,duplica,ضاعف - كرر,,,,копировать
replication,replication,réplica,replicar,Replikation,réplication,duplicazione,مضاعفة - تكرار,,replicar,,копирование
reply,reply,contestar,responder,antworten,répondre,rispondi,رد,,responder,,Ответить
report,report,informar,relatório,berichten,rapport,rapporto,تقرير,,relatório,,доклад
repository,repository,repositorio,repositório,Archiv,dépôt,archivio,مستودع,,repositório,,хранилище
request,request,petición,solicitação,anfordern,demande,richiesta,طلب,,solicitação,,запрос
require,require,requerir,requer,erfordern,exiger,richiedere,تطلب,,requer,,требовать
requirement,requirement,requerimiento,requisito,Voraussetzungen,exigence,requisito,متطاب - إحتياج,,requisito,,требование
reset,reset,reiniciar,reiniciar,Standard,réinitialiser,reset,اعادة - تصفير,,reiniciar,,сброс
resize,resize,redimensionar,redimensionar,Größe ändern,redimensionner,ridimensiona,غيّر الحجم,,redimensionar,,изменить размер
resolution,resolution,resolución,resolução,Auflösung,résolution,risoluzione,دقة,,resolução,,разрешающая способность
resolver,resolver,resolver,resolvedor,,résolveur,risolutore,حالّ,,resolvedor,,распознаватель
resource,resource,recurso,recurso,Ressource,Ressource,risorsa,مورد,,recurso,,ресурс
response,response,respuesta,resposta,Antwort,réponse,risposta,إجابة,,resposta,,ответ
restart,restart,reiniciar,reiniciar,neu starten,redémarrer,riavvia,اعد التشغيل,,reiniciar,,запустить снова
restore,restore,restaurar,restaurar,wiederherstellen,restaurer,ripristina,استعادة,,restaurar,,восстановить
restrict,restrict,restringir,restringir,beschränken,restreindre,limita,اقتصر,,restringir,,ограничивать
restriction,restriction,restricción,restrição,Einschränkung,restriction,limitazione,قيد - اقتصار,,restrição,,ограничение
result,result,resultado,resultado,Ergebnis,résultat,risultato,نتيجة,,resultado,,результат
resume,resume,reanudar,continuar,wiederaufnehmen,CV,riprendi,متابعة,,continuar,,продолжить
retrieve,retrieve,recuperar,obter,abrufen,récupérer,recupera,أسترجع,,obter,,извлекать
retry,retry,reintentar,tentar novamente,erneut versuchen,réessayez,riprova,اعد المحاولة,,tentar novamente,,повторить попытку
return,return,retorno,retornar,zurück,revenir,invio,رجوع - عودة,,retornar,,вернуть
reverse,reverse,reverso,inverso,umgekehrt,sens inverse,inverti,عكس,,inverso,,задний ход
revert,revert,revertir,inverter,rückgängig machen,revenir,inverti,يعكس,,inverter,,возвращаться
revocation,revocation,revocación,revogar,Widerruf,révocation,revoca,سحب - ابطال,,revogar,,отзыв
revoke,revoke,revocar,,zurückziehen,révoquer,revoca,اسحب - ابطل,,,,отзывать
root,root,raiz,raiz,Basisordner,racine,root,جذر,,raiz,,корень
rotate,rotate,girar,girar,drehen,tourner,ruota,تدوير,,girar,,вращаться
route,route,ruta,rota,weiterleiten,route,itinerario,طريق,,rota,,маршрут
router,router,ruter,roteador,Router [comp.],routeur,router,موجه - مسير,,roteador,,маршрутизатор
routine,routine,rutina,rotina,Routine,routine,procedura,وتيرة - روتين,,rotina,,рутинный
row,row,fila,linha,row,rangée,riga,صف,,linha,,строка
rule,rule,regla,regra,Regel,règle,regola,قاعدة,,regra,,правило
run,run,ejecutar,executar,ausführen,courir,eseguire,نفّذ,,executar,,бежать
runtime,runtime,tiempo de ejecución,tempo de execução,Laufzeit,exécution,runtime,زمن التشغيل,,tempo de execução,,время выполнения
safe,safe,seguro,seguro,sicher,sûr,sicuro,آمن - خزانة,,seguro,,безопасный
sample,sample,ejemplo,amostra,Probe,échantillon,esempio,عينة,,amostra,,образец
sans,sans,sans,sans,ohne,sans,,سانس - مركز سانس للتحذير من الهجمات الفيروسية على الإنترنت,,,,без
save,save,guardar,salvar,speichern,enregistrer,salva,احفظ,,salvar,,спасти
scalable,scalable,escalable,escalável,skalierbar,évolutive,scalabile,قابل للتمديد,,escalável,,масштабируемый
scale,scale,escala,escala,skalieren,échelle,scala,قياس,,escala,,масштаб
scan,scan,examinar,examinar,suchen,balayage,scansione,امسح,,examinar,,сканирование
scanner,scanner,escáner,scanner,Scanner,scanner,scanner,ماسحة,,scanner,,сканер
schedule,schedule,horario,agenda,Planung,programme,pianificare,جدول - برنامج اعمال,,agenda,,график
scheme,scheme,esquema,esquema,Schema,schème,schema,مخطط - خطة,,esquema,,схема
scratch,scratch,marcar,,Kratzer,rayure,,من الصفر - من لا شيء,,,,царапина
screen,screen,pantalla,tela,Bildschirm,écran,schermo,شاشة - فرز,,tela,,экран
screw,screw,atornillar,,Schraube,vis,vite,يفسد - مفك,,,,винт
script,script,script,script,Skript,scénario,script,نص,,script,,скрипт
scroll,scroll,desplazar,rolar,scrollen,faire défiler,scorrere,لفّ,,rolar,,свиток
search,search,buscar,pesquisar,suchen,chercher,ricerca,ابحث,,pesquisar,,поиск
section,section,sección,seção,Abschnitt,section,sezione,قسم - باب,,seção,,раздел
sector,sector,sector,setor,Bereich,secteur,settore,قطاع,,setor,,сектор
secure,secure,seguro,seguro,sicher,garantir,sicuro,آمن,,seguro,,безопасный
security,security,seguridad,segurança,Sicherheit,Sécurité,sicurezza,أمن,,segurança,,безопасность
seek,seek,buscar,buscar,suchen,chercher,,اسعى - ابحث,,buscar,,искать
segment,segment,segmento,segmento,Strecke,segment,segmento,قطعة,,segmento,,сегмент
segmentation,segmentation,segmentación,segmentação,Segmentierung,segmentation,segmentazione,تقسيم,,segmentação,,сегментация
select,select,seleccionar,selecionar,auswählen,sélectionner,selezionare,اختر,,selecionar,,Выбрать
selectColumn,select column,seleccionar columna,selecionar coluna,,selectColumn,,,,,,selectColumn
selection,selection,selección,seleção,Auswahl,sélection,selezione,تحديد,,seleção,,выбор
semantic,semantic,semántico,semântico,Semantik,sémantique,semantico,دلالة,,semântico,,семантический
send,send,enviar,enviar,senden,envoyer,invia,ارسل,,enviar,,Отправить
sender,sender,remitente,remetente,Absender,expéditeur,mittente,مرسل,,remetente,,отправитель
sensitive,sensitive,sensible,sensível,empfindlich,sensible,sensibile,حساس,,sensível,,чувствительный
sensor,sensor,sensor,sensor,Sensor,capteur,sensore,مجس,,sensor,,датчик
serif,serif,serifa,serifa,Serif,serif,grazie,مذيل,,serifa,,засечка
server,server,servidor,servidor,Server,serveur,server,خادم,,servidor,,сервер
session,session,sesión,sessão,Sitzung,session,sessione,جلسة,,sessão,,сессия
set,set,definir,definir,,ensemble,imposta,ضبط,,definir,,задавать
settings,settings,configuración,configurações,Einstellungen,réglages,impostazioni,إعدادات,,configurações,,настройки
setup,setup,configurar,configurar,Einrichtung,installer,configurazione,إعداد - تثبيت,,configurar,,настроить
shading,shading,sombreado,sombreamento,Schattierung,ombres,ombreggiatura,تظليل,,sombreamento,,затенение
shadow,shadow,sombra,sombra,Schatten,ombre,ombra,ظل,,sombra,,тень
shape,shape,forma,forma,Form,forme,forma,شكل,,forma,,форма
share,share,compartir,compartilhar,Ressource,partager,condividere,سهم ، مشترك,,compartilhar,,доля
sharp,sharp,afilado,,scharf,tranchant,nitido,حاد,,,,острый
sheet,sheet,hoja,folha,Tabelle,drap,foglio,ورقة,,folha,,простынь
shell,shell,shell,shell,Eingabeaufforderung,coquille,shell,صدفة - واجهة,,shell,,ракушка
shift,shift,mayúsculas,deslocar,Umschalt,décalage,Maiusc,إزاحة - نقل,,deslocar,,сдвиг
shortcut,shortcut,atajo,atalho,Tastenkürzel,raccourci,scorciatoia,اختصار,,atalho,,сокращенный
show,show,mostrar,exibir,anzeigen,spectacle,visualizza,أظهر,,exibir,,шоу
shrink,shrink,reducir,reduzir,verkleinern,rétrécir,riduci,قلِّص,,reduzir,,сокращаться
shutdown,shut down,apagar,desligar,herunterfahren,fermer,arresto,ايقاف التشغيل,,desligar,,неисправность
sidebar,side bar,barra lateral,barra lateral,Seitenleiste,barre latérale,barra laterale,شريط جانبي,,barra lateral,,боковая панель
sign,sign,signo,assinar,signieren,signe,firma,يوقع - اشارة,,assinar,,знак
signal,signal,señal,sinal,Signal,signal,segnale,إشارة,,sinal,,сигнал
signature,signature,firma,assinatura,Signatur,Signature,firma,توقيع - إمضاء,,assinatura,,подпись
site,site,sitio,local,,site,sito,موقع,,local,,сайт
size,size,tamaño,tamanho,Größe,Taille,dimensione,حجم - سعة,,tamanho,,размер
skew,skew,desviar,,Kippen,fausser,,انحراف,,,,скос
skip,skip,omitir,ignorar,überspringen,sauter,salta,تخطي,,ignorar,,пропускать
slave,slave,esclavo,escravo,Sklave,esclave,slave,تابع,,escravo,,рабыня
sleep,sleep,dormir,,warten,dormir,sospensione,نوم,,,,спать
slide,slide,deslizar,deslizar,Folie,faire glisser,diapositiva,شريحة,,deslizar,,горка
slot,slot,ranura,slot,Einschub,fente,fessura,فتحة,,slot,,слот
smart,smart,inteligente,,intelligent,intelligent,intelligente,ذكاء,,,,умный
smiley,smiley,smiley,smiley,smiley,smiley,faccina,مبتسم,,smiley,,смайлик
smooth,smooth,suavizar,,glatt,lisse,liscio,أملس - سلس,,,,гладкий; плавный
socket,socket,enchufe,soquete,Socket,prise,socket,مقبس,,soquete,,разъем
software,software,software,software,Software,Logiciel,software,برمجية,,software,,программного обеспечения
solid,solid,sólido,sólido,fest,solide,pieno,صلب,,sólido,,твердый
sort,sort,ordenar,classificar,kurz,Trier,ordina,رتّب,,classificar,,Сортировать
source,source,fuente,fonte,Quelle,la source,sorgente,مصدر,,fonte,,источник
space,space,espacio,espaço,Leerzeichen,espace,spazio,فضاء - فراغ,,espaço,,пространство
spacing,spacing,espaciado,espaçamento,Abstände,espacement,spaziatura,مباعدة - تباعد,,espaçamento,,расстояние
spam,spam,spam,,Spam,Spam,spam,بريد مزعج,,,,спам
span,span,abarcar,,Bereich,envergure,,برهة,,,,пролет
spawn,spawn,generar,,erzeugen,frayer,,نقطة الاندفاع,,,,порождать
specify,specify,especificar,,bestimmen,spécifier,,حدد,,,,уточнить
speed,speed,velocidad,velocidade,Geschwindigkeit,la vitesse,velocità,سرعة,,velocidade,,скорость
spelling,spelling,ortografía,ortografia,Rechtschreibprüfung,orthographe,compitazione,هجاء,,ortografia,,написание
splash,splash,salpicar,tela inicial,Startbildschirm,éclaboussure,,شاشة بدء,,tela inicial,,всплеск
split,split,dividir,dividir,teilen,Divisé,dividi,انقسام,,dividir,,Трещина
spool,spool,gestionar colas,enfileirar,,bobine,,بكرة - توزيع,,enfileirar,,шпуля
spreadsheet,spread sheet,hoja de cálculo,planilha,Tabellenkalkulation,tableur,foglio elettronico,ورقة حساب,,planilha,,таблица
stack,stack,pila,pilha,Stapel,empiler,stack,رصف - تكديس,,pilha,,стек
standalone,stand alone,monopuesto,autônomo,Einzelplatz,autonome,standalone,مستقل - قائم بذاته,,autônomo,,автономный
standard,standard,estándar,padrão,Standard,la norme,standard,قياسي,,padrão,,стандарт
start,start,iniciar,iniciar,starten,début,avvia,ابدأ,,iniciar,,Начните
state,state,estado,estado,Zustand,Etat,stato,حالة,,estado,,государство
static,static,estático,estático,statisch,statique,statico,ثابت - ساكن,,estático,,статический
statistics,statistics,estadísticas,estatísticas,Statistiken,statistiques,statistiche,إحصاء,,estatísticas,,статистика
step,step,paso,etapa,step,étape,passo,خطوة,,etapa,,шаг
stop,stop,parar,parar,anhalten,Arrêtez,,وقوف,,parar,,стоп
storage,storage,almacenamiento,armazenamento,Speicher,espace de rangement,archiviazione,تخزين,,armazenamento,,место хранения
store,store,almacenar,armazenar,speichern,le magasin,archivio,خزِّن,,armazenar,,хранить
stream,stream,corriente,transmitir,Datenstrom,courant,flusso,دفق - تدفق,,transmitir,,поток
stretch,stretch,extender,alongar,strecken,étendue,,مدد - تمدد,,alongar,,протяжение
strict,strict,estricto,estrito,genau,strict,,تقييد,,estrito,,строгий
string,string,cadena,cadeia,string,chaîne,stringa,مقطع,,cadeia,,строка
strip,strip,tira,faixa,entfernen,bande,,شريط - شريحة,,faixa,,полоса
stroke,stroke,trazo,,Strich,accident vasculaire cérébral,,صدمة,,,,Инсульт
structure,structure,estructura,estrutura,Struktur,structure,struttura,بنية - بناء,,estrutura,,состав
stub,stub,resguardo,,Stummel,talon,abbozzo,بذرة,,,,огрызок
style,style,estilo,estilo,Stil,style,stile,نمط,,estilo,,стиль
subdirectory,sub directory,subdirectorio,sub-diretório,Unterverzeichnis,sous-répertoire,sottocartella,دليل فرعي,,sub-diretório,,подкаталог
subfolder,sub folder,subcarpeta,subpasta,Unterordner,sous-dossier,sottocartella,مجلد فرعي,,subpasta,,вложенная
submission,submission,envío,submissão,Einreichung,soumission,invio,اشتراك - ارسال,,submissão,,представление
submit,submit,enviar,enviar,absenden,soumettre,invia,أرسل,,enviar,,Отправить
subscribe,subscribe,suscribirse,assinar,anmelden,souscrire,iscriviti,سجل - اشترك,,assinar,,подписываться
subscription,subscription,suscripción,assinatura,Abonnement,abonnement,iscrizione,اشتراك,,assinatura,,подписка
subtract,subtract,sustraer,subtrair,abziehen,soustraire,sottrai,طرح,,subtrair,,вычитать
succeed,succeed,con éxito,,erfolgreich sein,réussir,,نجاح,,,,добиться успеха
suggest,suggest,sugerir,,vorschlagen,suggérer,,اقترح,,,,предложить
suggestion,suggestion,sugerencia,sugestão,Vorschlag,suggestion,suggerimento,اقتراح,,sugestão,,предложение
sumnoun,sum (noun),suma,,Summe,sumnoun,somma,مجموع (اسم),,,,sumnoun
sumverb,sum (verb),sumar,somar (verbo),addieren,sumverb,sommare,جمع (فعل),,somar (verbo),,sumverb
summary,summary,sumario,sumário,Zusammenfassung,résumé,sommario,ملخص,,sumário,,резюме
support,support,soporte,suporte,Unterstützung,soutien,supporto,دعم,,suporte,,служба поддержки
surface,surface,superfície,superfície,Fläche,surface,superficie,سطح - مساحة,,superfície,,поверхность
suspend,suspend,suspender,suspender,Ruhezustand,suspendre,sospendi,تعليق,,suspender,,приостановить
suspicious,suspicious,sospechoso,,verdächtig (adj.),méfiant,sospetto,مشكوك فيه,,,,подозрительный
swap,swap,intercambiar,troca,auslagern (verb),échanger,swap,تبديل,,troca,,своп
switch,switch,opción,alternar,umschalten (verb),commutateur,,حول,,alternar,,переключатель
symbol,symbol,símbolo,símbolo,Symbol,symbole,simbolo,رمز,,símbolo,,условное обозначение
synchronize,synchronize,sincronizar,sincronizar,Synchronisieren,synchroniser,sincronizza,تزامن,,sincronizar,,синхронизировать
syntax,syntax,sintaxis,sintaxe,Syntax,syntaxe,sintassi,صياغة - بناء,,sintaxe,,синтаксис
system,system,sistema,sistema,System,système,sistema,نظام,,sistema,,система
tab,tab,pestaña,aba,Tabulator,languette,tab,لسان,,aba,,табуляция
table,table,tabla,tabela,Tabelle,table,tabella,جدول,,tabela,,Таблица
tag,tag,etiqueta,etiqueta,Etikette,étiquette,tag,وسم - علامة,,etiqueta,,тег
target,target,destino,destino,Ziel,cible,,هدف - مستهدف,,destino,,цель
template,template,plantilla,modelo,Vorlage,modèle,template,قالب,,modelo,,шаблон
temporary,temporary,temporal,temporário,temporär,temporaire,temporaneo,مؤقت,,temporário,,временный
terminal,terminal,terminal,terminal,Terminal,Terminal,terminale,طرفيّة,,terminal,,Терминал
test,test,prueba,teste,Test,tester,prova,اختبار,,teste,,тестовое задание
text,text,texto,texto,Text,texte,testo,نص,,texto,,текст
texture,texture,textura,textura,Textur,texture,texture,مادة - نسيج,,textura,,текстура
theme,theme,tema,tema,Stil,thème,tema,تيمة,,tema,,тема
thread,thread,hilo,discussão,thread,fil,thread,مؤشر ترابط - مناقشة,,discussão,,нить
thumbnail,thumbnail,miniatura de una imagen,miniatura,Minibild,la vignette,,مصغرات,,miniatura,,миниатюрами
tick,tick,marcar,tique,Kick,cocher,,اختر - ضع علامة,,tique,,поставить галочку
tile,tile,mosaico,,Titel,tuile,,تجانب,,,,плитка
time,time,tiempo,tempo,Zeit,temps,orario,وقت,,tempo,,время
timeout,time out,tiempo de espera,tempo limite,Wartezeit abgelaufen,temps libre,timeout,مهلة,,tempo limite,,Тайм-аут
tip,tip,consejo,dica,Tipp,pointe,suggerimento,تلميح,,dica,,совет
title,title,título,título,Titel,Titre,titolo,عنوان,,título,,заглавие
toggle,toggle,conmutar,alternar,An-/Ausschalten,basculer,,تبديل,,alternar,,тумблер
token,token,token,token,,jeton,token,رمز مميز,,token,,знак
tool,tool,herramienta,ferramenta,Werkzeug,outil,strumento,أداة,,ferramenta,,инструмент
toolbar,tool bar,barra de herramientas,barra de ferramentas,Werkzeugleiste,barre d'outils,barra degli strumenti,شريط الأدوات,,barra de ferramentas,,панель инструментов
toolbox,tool box,caja de herramientas,caixa de ferramentas,Werkzeugkasten,boîte à outils,pannello strumenti,صندوق أدوات,,caixa de ferramentas,,ящик для инструментов
topic,topic,tema,assunto,Thema,sujet,argomento,موضوع,,assunto,,тема
trace,trace,trazar,rastrear,Spur,trace,impronta,تتبع,,rastrear,,след
track,track,pista,pista,Gleis,Piste,traccia,مسار,,pista,,трек
traffic,traffic,tráfico,tráfego,Verkehr,trafic,traffico,حركة المرور -الضغط على الشبكة,,tráfego,,движение
transfer,transfer,transferencia,transferir,Übertragen,transfert,trasferimento,نقل - تحويل,,transferir,,перечислить
transform,transform,transformar,transformar,transformieren,transformer,trasforma,حوِّل,,transformar,,преобразование
transformation,transformation,transformación,transformação,Transformation,transformation,trasformazione,تحويل,,transformação,,преобразование
trap,trap,interceptor,,Falle,piège,trappola,مصيدة,,,,ловушка
trash,trash,papelera,lixo,Mülleimer,poubelle,cestino,سلة المهملات,,lixo,,мусор
trigger,trigger,iniciar,gatilho,Auslöser,déclencheur,trigger,مشغل,,gatilho,,спусковой крючок
troubleshoot,trouble shoot,resolución de problemas,,Fehler suchen,dépanner,,استكشاف الأخطاء وإصلاحها,,,,устранение
tune,tune,configurar,ajustar,abstimmen,régler,,موالفة,,ajustar,,мелодия
tweak,tweak,tweak,,optimieren,tordre,,طوِّع - تطويع,,,,щипать
typenoun,type (noun),tipo,tipo (substantivo),Typ,typenoun,tipo,نوع,,tipo (substantivo),,typenoun
typeverb,type (verb),escribir,digitar (verbo),tippen,typeverb,tipizzare,طباعة - إطبع,,digitar (verbo),,typeverb
typeface,type face,estilo de letras,,Schriftart,caractères,,نوع الخط,,,,гарнитура
unavailable,unavailable,no está disponible,indisponível,nicht verfügbar,indisponible,non disponibile,غير متوفر,,indisponível,,недоступен
undelete,undelete,no borrar,recuperar,wiederherstellen,Undelete,annulla la cancellazione,تراجع عن الحذف,,recuperar,,восстановить
underline,under line,subrayar,,unterstreichen,souligner,,تسطير,,,,подчеркивание
undo,undo,deshacer,desfazer,rückgängig machen,annuler,annulla,تراجع,,desfazer,,расстегивать
uninstall,uninstall,desinstalar,desinstalar,deinstallieren,désinstallation,disinstalla,إلغاء التثبيت,,desinstalar,,деинсталляция
unit,unit,unidad,unidade,Einheit,unité,unità,وحدة,,unidade,,единица измерения
unknown,unknown,desconocido,desconhecido,unbekannt,inconnu,sconosciuto,مجهول,,desconhecido,,неизвестный
unload,unload,descargar,descarregar,Entladen,décharger,scaricare,أفرِغ - إلغ التحميل,,descarregar,,разгружать
unspecified,unspecified,no especificado,,unbestimmt,non spécifié,non specificato,غير محدد,,,,неопределенные
unsubscribe,unsubscribe,no suscribirse,cancelar assinatura,abmelden,Se désabonner,annulla sottoscrizione,إالغاء الاشتراك,,cancelar assinatura,,отказаться от подписки
unsupported,unsupported,no soportado,não suportado,nicht unterstützt,non pris en charge,non supportato,غير مدعوم,,não suportado,,не поддерживается
update,update,actualizar,atualizar,aktualisieren,mettre à jour,aggiorna,تحديث,,atualizar,,Обновить
upgrade,upgrade,mejorar,atualização,aktualisieren,améliorer,aggiornamento,ترقية,,atualização,,Обновить
upload,upload,subir,carregar,Hochladen,télécharger,invia,إرفع,,carregar,,загружать
uppercase,upper case,mayúscula,maiúsculas,Großbuchstaben,majuscule,maiuscolo,أحرف كبيرة,,maiúsculas,,верхний регистр
usage,usage,uso,uso,Benutzung,usage,utilizzo,استخدام,,uso,,использование
user,user,usuario,usuário,Benutzer,utilisateur,utente,مستخدم,,usuário,,пользователь
username,user name,nombre de usuario,nome de usuário,Benutzername,Nom d'utilisateur,nome utente,اسم مستخدم,,nome de usuário,,имя пользователя
utility,utility,utilidad,utilitário,Hilfsprogramm,utilitaire,strumenti,وسيلة,,utilitário,,полезность
valid,valid,válido,válido,gültig,valide,valido,صالح - ساري المفعول,,válido,,действительный
validation,validation,validación,validação,Überprüfung,validation,validazione,مصادقة,,validação,,Проверка
validity,validity,validez,validade,Gültigkeit,validité,validità,صحة - صلاحية,,validade,,период действия
value,value,valor,valor,Wert,valeur,valore,قيمة,,valor,,значение
variable,variable,variable,variável,Variable,variable,variabile,متغير,,variável,,переменная
vector,vector,vector,vetor,Vektor,vecteur,vettore,متجه,,vetor,,вектор
verbose,verbose,verboso,detalhado,ausführlich,verbeux,dettagliato,مسهب - عرض تفصيلي,,detalhado,,подробный
verify,verify,verificar,verificar,überprüfen,Vérifier,verifica,تأكد,,verificar,,проверить
version,version,versión,versão,Version,version,versione,إصدار,,versão,,версия
video,video,vídeo,vídeo,Video,vidéo,video,فيديو,,vídeo,,видео
view,view,ver,exibir,Ansicht,vue,visualizza,اعرض,,exibir,,Посмотреть
viewer,viewer,visor,visualizador,Betrachter,téléspectateur,visualizzatore,عارض,,visualizador,,зритель
virtual,virtual,virtual,virtual,virtuell,virtuel,virtuale,افتراضي,,virtual,,виртуальный
virus,virus,virus,vírus,Virus,virus,virus,فيروس,,vírus,,вирус
visual,visual,visual,visual,visuell,visuel,visuale,مرئي,,visual,,визуальный
volume,volume,volumen,volume,Lautstärke,le volume,volume,حجم,,volume,,объем
wallpaper,wallpaper,papel tapiz,papel de parede,Hintergrundbild,fond d'écran,sfondo,خلفية الشاشة,,papel de parede,,обои на стену
warn,warn,advertir,avisar,warnen,prévenir,avviso,حذِّر,,avisar,,предупреждать
web,web,web,Web,Web,toile,web,شبكة,,Web,,Web
webcam,web cam,webcam,webcam,Webcam,webcam,webcam,كاميرا إنترنت,,webcam,,вебкамера
webmaster,web master,webmaster,webmaster,Webmaster,webmaster,webmaster,مسئول الموقع,,webmaster,,веб-мастер
webpage,web page,página web,site,Webseite,page Web,pagina web,صفحة إنترنت,,site,,страница интернета
wifi,wi fi,wifi,Wi-Fi,WLAN,Wifi,WiFi,شبكة انترنت لاسلكية,,Wi-Fi,,Wi-Fi
widget,widget,widget,widget,Widget,un widget,widget,عنصر واجهة المستخدم,,widget,,виджет
width,width,ancho,largura,Breite,largeur,larghezza,عرض,,largura,,ширина
wildcard,wild card,comodín,,Platzhalter,caractère générique,,بديل,,,,подстановочные
window,window,ventana,janela,Fenster,la fenêtre,finestra,نافذة,,janela,,окно
wizard,wizard,asistente,assistente,Assistent,assistant,procedura guidata,معالج,,assistente,,волшебник
wordprocessor,word processor,procesador de texto,processador de texto,Textverarbeitungsprogramm,traitement de texte,elaboratore di testi,معالج كلمات,,processador de texto,,текстовый редактор
workaround,work around,arreglo,contorno,Hilfskonstruktion,solution de contournement,,حل مؤقت,,contorno,,обходной путь
workgroup,work group,grupo de trabajo,grupo de trabalho,Arbeitsgruppe,groupe de travail,gruppo di lavoro,مجموعة عمل,,grupo de trabalho,,рабочая группа
workstation,work station,estación de trabajo,estação de trabalho,Arbeitsstation,station de travail,workstation,وحدة عمل,,estação de trabalho,,рабочая станция
wrap,wrap,ajuste,,umbrechen,emballer,avvolgere,التفاف,,,,заворачивать
yes,yes,sí,sim,ja,oui,sì,نعم,,sim,,да
zone,zone,zona,zona,Zone,zone,zona,منطقة,,zona,,зона
zoom,zoom,zoom,,Vergrößerung,grossissement,ingrandimento,تكبير,,,,зум